PRDCTS_ID;PRDCT;PRDCT_DSCR;PRDCT_BASE_QTY;PRDCT_BASE_QTY_UNT
72255;10010135;Product  10010135;1000;KOM
72256;10010136;Product  10010136;1000;KOM
72257;10010065;Product  10010065;1000;KOM
72258;10010453;Product  10010453;1000;KOM
72259;10010342;Product  10010342;1000;KOM
72260;10010341;Product  10010341;1000;KOM
72261;10010428;Product  10010428;1000;KOM
72262;10010309;Product  10010309;1000;KOM
72263;10010340;Product  10010340;1000;KOM
72264;1904914;Product  1904914;1000;KOM
72265;1904671;Product  1904671;1000;KOM
72266;1904922;Product  1904922;1000;KOM
72267;1904787;Product  1904787;1000;KOM
72268;1903977;Product  1903977;1000;KOM
72269;1904795;Product  1904795;1000;KOM
72270;1902709;Product  1902709;1000;KOM
72271;1902784;Product  1902784;1000;KOM
72272;1904272;Product  1904272;1000;KOM
72273;10010306;Product  10010306;1000;KOM
72274;10010308;Product  10010308;1000;KOM
72275;1903985;Product  1903985;1000;KOM
72276;10010426;Product  10010426;1000;KOM
72277;10010427;Product  10010427;1000;KOM
72278;1903993;Product  1903993;1000;KOM
72279;1903101;Product  1903101;1000;KOM
72280;1904841;Product  1904841;1000;KOM
72281;1902695;Product  1902695;1000;KOM
72282;10010250;Product  10010250;1000;KOM
72283;10010348;Product  10010348;1000;KOM
72284;10010349;Product  10010349;1000;KOM
72285;10010315;Product  10010315;1000;KOM
72286;10010115;Product  10010115;1000;KOM
72287;1904302;Product  1904302;1000;KOM
72288;1904019;Product  1904019;1000;KOM
72289;1902822;Product  1902822;1000;KOM
72290;1904833;Product  1904833;1000;KOM
72291;10010361;Product  10010361;1000;KOM
72292;10010362;Product  10010362;1000;KOM
72293;10010363;Product  10010363;1000;KOM
72294;10010352;Product  10010352;1000;KOM
72295;10010231;Product  10010231;1000;KOM
72296;1086928;Product  1086928;1000;KOM
72297;1902156;Product  1902156;1000;KOM
72298;1086910;Product  1086910;1000;KOM
72299;1903691;Product  1903691;1000;KOM
72300;1903641;Product  1903641;1000;KOM
72301;1903659;Product  1903659;1000;KOM
72302;1903667;Product  1903667;1000;KOM
72303;1903675;Product  1903675;1000;KOM
72304;10010134;Product  10010134;1000;KOM
72305;10010133;Product  10010133;1000;KOM
72306;10010230;Product  10010230;1000;KOM
72307;1902148;Product  1902148;1000;KOM
72308;10010371;Product  10010371;1000;KOM
72309;10010373;Product  10010373;1000;KOM
72310;10010372;Product  10010372;1000;KOM
72311;10010374;Product  10010374;1000;KOM
72312;10010256;Product  10010256;1000;KOM
72313;1902946;Product  1902946;1000;KOM
72314;1905058;Product  1905058;1000;KOM
72315;10010205;Product  10010205;1000;KOM
72316;10010206;Product  10010206;1000;KOM
72317;10010080;Product  10010080;1000;KOM
72318;10010029;Product  10010029;1000;KOM
72319;10010082;Product  10010082;1000;KOM
72320;10010027;Product  10010027;1000;KOM
72321;10010081;Product  10010081;1000;KOM
72322;10010028;Product  10010028;1000;KOM
72364;1903918;Product  1903918;1000;KOM
72365;10010359;Product  10010359;1000;KOM
72366;1903951;Product  1903951;1000;KOM
72367;1904591;Product  1904591;1000;KOM
72368;1904574;Product  1904574;1000;KOM
72369;1903934;Product  1903934;1000;KOM
72370;1903942;Product  1903942;1000;KOM
72371;1902202;Product  1902202;1000;KOM
72372;10010493;Product  10010493;1000;KOM
72373;1904582;Product  1904582;1000;KOM
72374;1902211;Product  1902211;1000;KOM
72375;10010390;Product  10010390;1000;KOM
72376;1904400;Product  1904400;1000;KOM
72377;1904442;Product  1904442;1000;KOM
72378;1904434;Product  1904434;1000;KOM
72379;1904451;Product  1904451;1000;KOM
72380;1904426;Product  1904426;1000;KOM
72381;1904396;Product  1904396;1000;KOM
72382;1904418;Product  1904418;1000;KOM
72383;10009950;Product  10009950;1000;KOM
72384;10009949;Product  10009949;1000;KOM
72385;10009965;Product  10009965;1000;KOM
72386;10009893;Product  10009893;1000;KOM
72387;10009895;Product  10009895;1000;KOM
72388;10009894;Product  10009894;1000;KOM
72389;10009896;Product  10009896;1000;KOM
72390;10010112;Product  10010112;1000;KOM
72391;10009897;Product  10009897;1000;KOM
72392;10009964;Product  10009964;1000;KOM
72394;10010114;Product  10010114;1000;KOM
72395;10009973;Product  10009973;1000;KOM
72396;10010377;Product  10010377;1000;KOM
72397;10010251;Product  10010251;1000;KOM
72398;10009971;Product  10009971;1000;KOM
72399;10009972;Product  10009972;1000;KOM
72400;10009882;Product  10009882;1000;KOM
72401;1904981;Product  1904981;1000;KOM
72402;1904990;Product  1904990;1000;KOM
72403;10009943;Product  10009943;1000;KOM
72404;10010279;Product  10010279;1000;KOM
72405;10010058;Product  10010058;1000;KOM
72406;10010059;Product  10010059;1000;KOM
72407;10010060;Product  10010060;1000;KOM
72408;1903471;Product  1903471;1000;KOM
72409;1903497;Product  1903497;1000;KOM
72410;1903519;Product  1903519;1000;KOM
72411;1903462;Product  1903462;1000;KOM
72412;1903489;Product  1903489;1000;KOM
72413;1903501;Product  1903501;1000;KOM
72414;1904167;Product  1904167;1000;KOM
72415;1904752;Product  1904752;1000;KOM
72416;10010489;Product  10010489;1000;KOM
72417;1904744;Product  1904744;1000;KOM
72418;1903829;Product  1903829;1000;KOM
72419;10010370;Product  10010370;1000;KOM
72420;10010192;Product  10010192;1000;KOM
72421;1904248;Product  1904248;1000;KOM
72422;1904230;Product  1904230;1000;KOM
72423;10010522;Product  10010522;1000;KOM
72424;1904001;Product  1904001;1000;KOM
72425;1902831;Product  1902831;1000;KOM
72426;1904311;Product  1904311;1000;KOM
72427;1902881;Product  1902881;1000;KOM
72428;1904515;Product  1904515;1000;KOM
72429;1904531;Product  1904531;1000;KOM
72430;1904477;Product  1904477;1000;KOM
72431;1904540;Product  1904540;1000;KOM
72432;1904493;Product  1904493;1000;KOM
72433;1904507;Product  1904507;1000;KOM
72434;1904485;Product  1904485;1000;KOM
72435;1904469;Product  1904469;1000;KOM
72436;1904523;Product  1904523;1000;KOM
72437;2900165;Product  2900165;1000;KOM
72438;10009947;Product  10009947;1000;KOM
72439;10009946;Product  10009946;1000;KOM
72440;2900149;Product  2900149;1000;KOM
72441;10009945;Product  10009945;1000;KOM
72442;10009944;Product  10009944;1000;KOM
72443;2900157;Product  2900157;1000;KOM
72444;2900122;Product  2900122;1000;KOM
72445;1902717;Product  1902717;1000;KOM
72446;1902741;Product  1902741;1000;KOM
72447;1902725;Product  1902725;1000;KOM
72448;1902733;Product  1902733;1000;KOM
72449;1902334;Product  1902334;1000;KOM
72450;1902342;Product  1902342;1000;KOM
72451;10010284;Product  10010284;1000;KOM
72452;10010287;Product  10010287;1000;KOM
72453;10010281;Product  10010281;1000;KOM
72454;10010286;Product  10010286;1000;KOM
72455;10010285;Product  10010285;1000;KOM
72456;10010487;Product  10010487;1000;KOM
72457;10010180;Product  10010180;1000;KOM
72458;10010181;Product  10010181;1000;KOM
72459;10010207;Product  10010207;1000;KOM
72460;10010316;Product  10010316;1000;KOM
72461;10010472;Product  10010472;1000;KOM
72462;10010473;Product  10010473;1000;KOM
72463;10010475;Product  10010475;1000;KOM
72464;10010474;Product  10010474;1000;KOM
72465;10009922;Product  10009922;1000;KOM
72466;1904931;Product  1904931;1000;KOM
72467;10010476;Product  10010476;1000;KOM
72468;10010314;Product  10010314;1000;KOM
72469;1904825;Product  1904825;1000;KOM
72470;1904809;Product  1904809;1000;KOM
72471;10010036;Product  10010036;1000;KOM
72472;10010301;Product  10010301;1000;KOM
72473;10010379;Product  10010379;1000;KOM
72474;1902628;Product  1902628;1000;KOM
72475;10010344;Product  10010344;1000;KOM
72476;10010300;Product  10010300;1000;KOM
72477;10010378;Product  10010378;1000;KOM
72478;10010118;Product  10010118;1000;KOM
72479;10010083;Product  10010083;1000;KOM
72480;10010085;Product  10010085;1000;KOM
72481;10010307;Product  10010307;1000;KOM
72482;1903721;Product  1903721;1000;KOM
72483;10010034;Product  10010034;1000;KOM
72484;1902059;Product  1902059;1000;KOM
72485;1902431;Product  1902431;1000;KOM
72486;10010382;Product  10010382;1000;KOM
72487;10010131;Product  10010131;1000;KOM
72488;10010126;Product  10010126;1000;KOM
72489;10010452;Product  10010452;1000;KOM
72490;10010043;Product  10010043;1000;KOM
72491;1904817;Product  1904817;1000;KOM
72492;1902393;Product  1902393;1000;KOM
72493;10010035;Product  10010035;1000;KOM
72494;1903730;Product  1903730;1000;KOM
72495;10010419;Product  10010419;1000;KOM
72496;10010421;Product  10010421;1000;KOM
72497;1902857;Product  1902857;1000;KOM
72498;10010521;Product  10010521;1000;KOM
72499;1902571;Product  1902571;1000;KOM
72500;10010033;Product  10010033;1000;KOM
72501;1903454;Product  1903454;1000;KOM
72502;10010140;Product  10010140;1000;KOM
72503;1903446;Product  1903446;1000;KOM
72504;10010420;Product  10010420;1000;KOM
72505;10010422;Product  10010422;1000;KOM
72506;1902873;Product  1902873;1000;KOM
72507;1902415;Product  1902415;1000;KOM
72508;10010151;Product  10010151;1000;KOM
72509;10010381;Product  10010381;1000;KOM
72510;10010208;Product  10010208;1000;KOM
72511;10010380;Product  10010380;1000;KOM
72512;10010343;Product  10010343;1000;KOM
72513;10010302;Product  10010302;1000;KOM
72514;1902423;Product  1902423;1000;KOM
72515;1902636;Product  1902636;1000;KOM
72516;10010111;Product  10010111;1000;KOM
72517;1904256;Product  1904256;1000;KOM
72518;10010520;Product  10010520;1000;KOM
72519;10010032;Product  10010032;1000;KOM
72520;1903748;Product  1903748;1000;KOM
72521;1902610;Product  1902610;1000;KOM
72522;10010152;Product  10010152;1000;KOM
72523;10010041;Product  10010041;1000;KOM
72524;10010209;Product  10010209;1000;KOM
72525;10010037;Product  10010037;1000;KOM
72526;1902954;Product  1902954;1000;KOM
72527;10010289;Product  10010289;1000;KOM
72528;10010282;Product  10010282;1000;KOM
72529;10010283;Product  10010283;1000;KOM
72530;10010320;Product  10010320;1000;KOM
72531;10010277;Product  10010277;1000;KOM
72532;10010288;Product  10010288;1000;KOM
72533;10010290;Product  10010290;1000;KOM
72534;10010458;Product  10010458;1000;KOM
72535;10010456;Product  10010456;1000;KOM
72536;10010457;Product  10010457;1000;KOM
72537;10010459;Product  10010459;1000;KOM
72538;10010460;Product  10010460;1000;KOM
72539;10010462;Product  10010462;1000;KOM
72540;1903861;Product  1903861;1000;KOM
72541;10010455;Product  10010455;1000;KOM
72542;1903632;Product  1903632;1000;KOM
72543;1903608;Product  1903608;1000;KOM
72544;1903594;Product  1903594;1000;KOM
72545;1903624;Product  1903624;1000;KOM
72546;1903616;Product  1903616;1000;KOM
72547;10009977;Product  10009977;1000;KOM
72548;1904116;Product  1904116;1000;KOM
72549;1904108;Product  1904108;1000;KOM
72550;1904124;Product  1904124;1000;KOM
72551;10009978;Product  10009978;1000;KOM
72552;10009969;Product  10009969;1000;KOM
72553;10010262;Product  10010262;1000;KOM
72554;1903152;Product  1903152;1000;KOM
72555;1903365;Product  1903365;1000;KOM
72556;1903888;Product  1903888;1000;KOM
72557;1903322;Product  1903322;1000;KOM
72558;1903349;Product  1903349;1000;KOM
72559;1903331;Product  1903331;1000;KOM
72560;1903357;Product  1903357;1000;KOM
72561;1903306;Product  1903306;1000;KOM
72562;1903276;Product  1903276;1000;KOM
72563;1903292;Product  1903292;1000;KOM
72564;1903268;Product  1903268;1000;KOM
72565;1903250;Product  1903250;1000;KOM
72566;1901605;Product  1901605;1000;KOM
72567;1901591;Product  1901591;1000;KOM
72568;1903284;Product  1903284;1000;KOM
72569;1903071;Product  1903071;1000;KOM
72570;1903314;Product  1903314;1000;KOM
72571;1902750;Product  1902750;1000;KOM
72572;1903926;Product  1903926;1000;KOM
72573;1903136;Product  1903136;1000;KOM
72574;1903144;Product  1903144;1000;KOM
72575;1903381;Product  1903381;1000;KOM
72576;1903128;Product  1903128;1000;KOM
72577;1903896;Product  1903896;1000;KOM
72578;1903373;Product  1903373;1000;KOM
72579;1902351;Product  1902351;1000;KOM
72580;1903403;Product  1903403;1000;KOM
72581;1903390;Product  1903390;1000;KOM
72582;1904876;Product  1904876;1000;KOM
72583;10010254;Product  10010254;1000;KOM
72584;1904850;Product  1904850;1000;KOM
72585;10010123;Product  10010123;1000;KOM
72586;1904884;Product  1904884;1000;KOM
72587;10010253;Product  10010253;1000;KOM
72588;10010122;Product  10010122;1000;KOM
72589;10010255;Product  10010255;1000;KOM
72590;1904906;Product  1904906;1000;KOM
72591;10010313;Product  10010313;1000;KOM
72592;10010121;Product  10010121;1000;KOM
72593;1904892;Product  1904892;1000;KOM
72594;10010252;Product  10010252;1000;KOM
72595;10010120;Product  10010120;1000;KOM
72596;1904868;Product  1904868;1000;KOM
72597;1903551;Product  1903551;1000;KOM
72598;10010356;Product  10010356;1000;KOM
72599;10010491;Product  10010491;1000;KOM
72600;1903543;Product  1903543;1000;KOM
72601;10010492;Product  10010492;1000;KOM
72602;10010355;Product  10010355;1000;KOM
72603;1904566;Product  1904566;1000;KOM
72604;1903586;Product  1903586;1000;KOM
72605;1903080;Product  1903080;1000;KOM
72606;10009984;Product  10009984;1000;KOM
72607;10010357;Product  10010357;1000;KOM
72608;1903187;Product  1903187;1000;KOM
72609;1903217;Product  1903217;1000;KOM
72610;1903209;Product  1903209;1000;KOM
72611;1903195;Product  1903195;1000;KOM
72612;1903161;Product  1903161;1000;KOM
72613;1903179;Product  1903179;1000;KOM
72614;1903241;Product  1903241;1000;KOM
72615;10010241;Product  10010241;1000;KOM
72616;10010484;Product  10010484;1000;KOM
72617;1902962;Product  1902962;1000;KOM
72618;10010243;Product  10010243;1000;KOM
72619;10009994;Product  10009994;1000;KOM
72620;10010245;Product  10010245;1000;KOM
72621;10010221;Product  10010221;1000;KOM
72622;10010485;Product  10010485;1000;KOM
72623;10010490;Product  10010490;1000;KOM
72624;1903047;Product  1903047;1000;KOM
72625;10010240;Product  10010240;1000;KOM
72626;10010414;Product  10010414;1000;KOM
72627;10009933;Product  10009933;1000;KOM
72628;10010223;Product  10010223;1000;KOM
72629;10010417;Product  10010417;1000;KOM
72630;1903039;Product  1903039;1000;KOM
72631;1902504;Product  1902504;1000;KOM
72632;10010063;Product  10010063;1000;KOM
72633;10010415;Product  10010415;1000;KOM
72634;10010482;Product  10010482;1000;KOM
72635;10010061;Product  10010061;1000;KOM
72636;10010412;Product  10010412;1000;KOM
72637;10010479;Product  10010479;1000;KOM
72638;1902890;Product  1902890;1000;KOM
72639;10010242;Product  10010242;1000;KOM
72640;10010413;Product  10010413;1000;KOM
72641;10010483;Product  10010483;1000;KOM
72642;1902971;Product  1902971;1000;KOM
72643;10010454;Product  10010454;1000;KOM
72644;1902661;Product  1902661;1000;KOM
72645;10010062;Product  10010062;1000;KOM
72646;10010411;Product  10010411;1000;KOM
72647;10010480;Product  10010480;1000;KOM
72648;10010064;Product  10010064;1000;KOM
72649;10010410;Product  10010410;1000;KOM
72650;10010481;Product  10010481;1000;KOM
72651;1903012;Product  1903012;1000;KOM
72652;10010416;Product  10010416;1000;KOM
72653;1902521;Product  1902521;1000;KOM
72654;1902580;Product  1902580;1000;KOM
72655;1903004;Product  1903004;1000;KOM
72656;10009997;Product  10009997;1000;KOM
72657;10010246;Product  10010246;1000;KOM
72658;10010486;Product  10010486;1000;KOM
72659;10009983;Product  10009983;1000;KOM
72660;10010339;Product  10010339;1000;KOM
72661;1902318;Product  1902318;1000;KOM
72662;10010276;Product  10010276;1000;KOM
72663;1902300;Product  1902300;1000;KOM
72664;10010275;Product  10010275;1000;KOM
72665;1903870;Product  1903870;1000;KOM
72666;1902288;Product  1902288;1000;KOM
72667;1902296;Product  1902296;1000;KOM
72668;1902326;Product  1902326;1000;KOM
72669;1903063;Product  1903063;1000;KOM
72670;10010116;Product  10010116;1000;KOM
72671;10009982;Product  10009982;1000;KOM
72672;1904558;Product  1904558;1000;KOM
72673;10010190;Product  10010190;1000;KOM
72674;1903683;Product  1903683;1000;KOM
72675;10010204;Product  10010204;1000;KOM
72676;10010203;Product  10010203;1000;KOM
72677;10010202;Product  10010202;1000;KOM
72678;10010423;Product  10010423;1000;KOM
72679;10010424;Product  10010424;1000;KOM
72680;10010425;Product  10010425;1000;KOM
72681;1902041;Product  1902041;1000;KOM
72682;1904337;Product  1904337;1000;KOM
72683;1904345;Product  1904345;1000;KOM
72684;1904205;Product  1904205;1000;KOM
72685;1904353;Product  1904353;1000;KOM
72686;1904086;Product  1904086;1000;KOM
72687;1904078;Product  1904078;1000;KOM
72688;1904060;Product  1904060;1000;KOM
72689;1904159;Product  1904159;1000;KOM
72690;1904141;Product  1904141;1000;KOM
72691;10009887;Product  10009887;1000;KOM
72692;1904213;Product  1904213;1000;KOM
72693;1904183;Product  1904183;1000;KOM
72694;1904175;Product  1904175;1000;KOM
72695;1904329;Product  1904329;1000;KOM
72696;10010092;Product  10010092;1000;KOM
72697;10010130;Product  10010130;1000;KOM
72698;1904191;Product  1904191;1000;KOM
72699;1904361;Product  1904361;1000;KOM
72700;1904221;Product  1904221;1000;KOM
72701;1904035;Product  1904035;1000;KOM
72702;1904043;Product  1904043;1000;KOM
72703;1904094;Product  1904094;1000;KOM
72704;1904027;Product  1904027;1000;KOM
72705;1904051;Product  1904051;1000;KOM
72706;1904132;Product  1904132;1000;KOM
72707;10009889;Product  10009889;1000;KOM
72708;1904663;Product  1904663;1000;KOM
72709;10009939;Product  10009939;1000;KOM
72710;10010488;Product  10010488;1000;KOM
72711;10009936;Product  10009936;1000;KOM
72712;1901397;Product  1901397;1000;KOM
72713;1901389;Product  1901389;1000;KOM
72714;1901371;Product  1901371;1000;KOM
72715;1901362;Product  1901362;1000;KOM
72716;1905031;Product  1905031;1000;KOM
72717;855456;Product  855456;1000;KG
72718;895097;Product  895097;1000;KG
72719;80006752;Product  80006752;1000;KG
72720;80006751;Product  80006751;1000;KG
72721;80006750;Product  80006750;1000;KG
72722;80006711;Product  80006711;1000;KG
72723;855150;Product  855150;1000;KG
72724;80006892;Product  80006892;1000;KG
72725;895149;Product  895149;1000;KG
72726;80006740;Product  80006740;1000;KOM
72727;895164;Product  895164;1000;KG
72728;80006742;Product  80006742;1000;KOM
72729;80006743;Product  80006743;1000;KOM
72730;895148;Product  895148;1000;KG
72731;80006741;Product  80006741;1000;KOM
72732;895163;Product  895163;1000;KG
72733;80006760;Product  80006760;1000;KOM
72734;80006746;Product  80006746;1000;KG
72735;80006745;Product  80006745;1000;KG
72736;80006690;Product  80006690;1000;KG
72737;844922;Product  844922;1000;KG
72738;80006744;Product  80006744;1000;KG
72739;80006747;Product  80006747;1000;KG
72740;844923;Product  844923;1000;KG
72741;844921;Product  844921;1000;KG
72742;80006739;Product  80006739;1000;KG
72743;80006738;Product  80006738;1000;KG
72744;895065;Product  895065;1000;KG
72745;895116;Product  895116;1000;KG
72746;895117;Product  895117;1000;KG
72747;895118;Product  895118;1000;KG
72748;844916;Product  844916;1000;KG
72749;80006863;Product  80006863;1000;KG
72750;895138;Product  895138;1000;KOM
72751;80006709;Product  80006709;1000;KG
72752;80006710;Product  80006710;1000;KG
72753;80006861;Product  80006861;1000;KG
72754;80006830;Product  80006830;1000;KG
72755;80006832;Product  80006832;1000;KG
72756;80006862;Product  80006862;1000;KG
72757;80006860;Product  80006860;1000;KG
72758;80006907;Product  80006907;1000;KG
72759;895144;Product  895144;1000;KG
72760;895145;Product  895145;1000;KG
72761;80006800;Product  80006800;1000;KG
72762;895143;Product  895143;1000;KG
72763;80006801;Product  80006801;1000;KG
72764;895142;Product  895142;1000;KG
72765;895147;Product  895147;1000;KG
72766;80006736;Product  80006736;1000;KG
72767;895146;Product  895146;1000;KG
72768;895106;Product  895106;1000;KG
72769;844915;Product  844915;1000;KG
72770;855998;Product  855998;1000;KG
72771;855797;Product  855797;1000;KG
72772;80006841;Product  80006841;1000;KG
72773;855789;Product  855789;1000;KG
72774;80006842;Product  80006842;1000;KG
72775;895092;Product  895092;1000;KG
72776;80006753;Product  80006753;1000;KG
72777;895085;Product  895085;1000;KG
72778;80006737;Product  80006737;1000;KG
72779;855786;Product  855786;1000;KG
72780;895104;Product  895104;1000;KG
72781;895140;Product  895140;1000;KG
72782;855792;Product  855792;1000;KG
72783;80006790;Product  80006790;1000;KG
72784;80006843;Product  80006843;1000;KG
72785;855787;Product  855787;1000;KG
72786;895029;Product  895029;1000;KG
72787;895139;Product  895139;1000;KG
72788;855788;Product  855788;1000;KG
72789;895041;Product  895041;1000;KG
72790;80006791;Product  80006791;1000;KG
72791;895030;Product  895030;1000;KG
72792;855715;Product  855715;1000;KG
72793;855714;Product  855714;1000;KG
72794;855733;Product  855733;1000;KG
72795;895093;Product  895093;1000;KG
72796;895095;Product  895095;1000;KG
72797;895094;Product  895094;1000;KG
72798;895096;Product  895096;1000;KG
72799;895157;Product  895157;1000;KG
72800;895156;Product  895156;1000;KG
72801;895160;Product  895160;1000;KG
72802;80006706;Product  80006706;1000;KG
72803;895162;Product  895162;1000;KG
72804;895161;Product  895161;1000;KG
72805;895075;Product  895075;1000;KG
72806;895074;Product  895074;1000;KG
72807;895076;Product  895076;1000;KG
72808;895077;Product  895077;1000;KG
72809;895105;Product  895105;1000;KG
72810;855025;Product  855025;1000;KG
72811;80006869;Product  80006869;1000;KG
72812;855042;Product  855042;1000;KG
72813;80006870;Product  80006870;1000;KG
72814;855027;Product  855027;1000;KG
72815;80006867;Product  80006867;1000;KG
72816;855091;Product  855091;1000;KG
72817;855093;Product  855093;1000;KG
72818;80006931;Product  80006931;1000;KG
72819;855095;Product  855095;1000;KG
72820;855094;Product  855094;1000;KG
72821;855090;Product  855090;1000;KG
72822;895153;Product  895153;1000;KG
72823;895150;Product  895150;1000;KG
72824;895154;Product  895154;1000;KG
72825;895151;Product  895151;1000;KG
72826;895155;Product  895155;1000;KG
72827;895152;Product  895152;1000;KG
72828;895042;Product  895042;1000;KG
72829;80006704;Product  80006704;1000;KG
72830;80006864;Product  80006864;1000;KG
72831;895110;Product  895110;1000;KG
72832;895073;Product  895073;1000;KG
72833;895043;Product  895043;1000;KG
72834;80006872;Product  80006872;1000;KG
72835;855041;Product  855041;1000;KG
72836;80006890;Product  80006890;1000;KG
72837;895113;Product  895113;1000;KG
72838;895112;Product  895112;1000;KG
72839;895111;Product  895111;1000;KG
72840;855049;Product  855049;1000;KG
72841;80006891;Product  80006891;1000;KG
72842;80006692;Product  80006692;1000;KG
72843;855004;Product  855004;1000;KG
72844;895114;Product  895114;1000;KG
72845;855036;Product  855036;1000;KG
72846;895141;Product  895141;1000;KG
72847;895087;Product  895087;1000;KG
72848;895091;Product  895091;1000;KG
72849;80006712;Product  80006712;1000;KG
72850;80006810;Product  80006810;1000;KG
72851;80006909;Product  80006909;1000;KG
72852;895078;Product  895078;1000;KG
72853;895048;Product  895048;1000;KG
72854;80006700;Product  80006700;1000;KG
72855;895107;Product  895107;1000;KG
72856;80006811;Product  80006811;1000;KG
72857;895063;Product  895063;1000;KG
72858;895086;Product  895086;1000;KG
72859;895079;Product  895079;1000;KG
72860;895080;Product  895080;1000;KG
72861;895027;Product  895027;1000;KG
72862;80006707;Product  80006707;1000;KG
72863;80006701;Product  80006701;1000;KG
72864;895081;Product  895081;1000;KG
72865;895026;Product  895026;1000;KG
72866;895025;Product  895025;1000;KG
72867;895047;Product  895047;1000;KG
72868;80006714;Product  80006714;1000;KG
72869;895009;Product  895009;1000;KG
72870;80006871;Product  80006871;1000;KG
72871;80006691;Product  80006691;1000;KG
72872;895102;Product  895102;1000;KG
72873;895100;Product  895100;1000;KG
72874;895098;Product  895098;1000;KG
72875;895101;Product  895101;1000;KG
72876;895099;Product  895099;1000;KG
72877;80006702;Product  80006702;1000;KG
72878;80006868;Product  80006868;1000;KG
72879;855468;Product  855468;1000;KG
72880;80006902;Product  80006902;1000;KG
72881;80006906;Product  80006906;1000;KG
72882;80006904;Product  80006904;1000;KG
72883;80006900;Product  80006900;1000;KG
72884;80006901;Product  80006901;1000;KG
72885;80006899;Product  80006899;1000;KG
72886;80006903;Product  80006903;1000;KG
72887;80006905;Product  80006905;1000;KG
72888;895134;Product  895134;1000;KG
72889;895135;Product  895135;1000;KG
72890;855457;Product  855457;1000;KG
72891;895090;Product  895090;1000;KG
72892;895082;Product  895082;1000;KG
72893;80006705;Product  80006705;1000;KG
72894;895131;Product  895131;1000;KOM
72895;895132;Product  895132;1000;KOM
72896;895129;Product  895129;1000;KOM
72897;895136;Product  895136;1000;KOM
72898;895137;Product  895137;1000;KOM
72899;895128;Product  895128;1000;KOM
72900;895126;Product  895126;1000;KOM
72901;895127;Product  895127;1000;KOM
72902;895121;Product  895121;1000;KG
72903;895122;Product  895122;1000;KG
72904;895119;Product  895119;1000;KG
72905;895125;Product  895125;1000;KOM
72906;895120;Product  895120;1000;KG
72907;895124;Product  895124;1000;KOM
72908;895123;Product  895123;1000;KG
72909;895133;Product  895133;1000;KOM
72910;895130;Product  895130;1000;KOM
72911;895070;Product  895070;1000;KG
72912;895071;Product  895071;1000;KG
72913;895109;Product  895109;1000;KG
72323;10010021;Product  10010021;1000;KOM
72324;10010026;Product  10010026;1000;KOM
72325;10010042;Product  10010042;1000;KOM
72326;10010025;Product  10010025;1000;KOM
72327;10010195;Product  10010195;1000;KOM
72328;10009932;Product  10009932;1000;KOM
72329;1904388;Product  1904388;1000;KOM
72330;1904370;Product  1904370;1000;KOM
72331;1904736;Product  1904736;1000;KOM
72332;1904680;Product  1904680;1000;KOM
72333;10010051;Product  10010051;1000;KOM
72334;10010098;Product  10010098;1000;KOM
72335;1904701;Product  1904701;1000;KOM
72336;1904973;Product  1904973;1000;KOM
72337;1904710;Product  1904710;1000;KOM
72338;1904728;Product  1904728;1000;KOM
72339;1904698;Product  1904698;1000;KOM
72340;1904965;Product  1904965;1000;KOM
72341;10010212;Product  10010212;1000;KOM
72342;10010066;Product  10010066;1000;KOM
72343;10010067;Product  10010067;1000;KOM
72344;10009912;Product  10009912;1000;KOM
72345;10009915;Product  10009915;1000;KOM
72346;10010068;Product  10010068;1000;KOM
72347;10009917;Product  10009917;1000;KOM
72348;10009914;Product  10009914;1000;KOM
72349;10009913;Product  10009913;1000;KOM
72350;10010047;Product  10010047;1000;KOM
72351;10010046;Product  10010046;1000;KOM
72352;10009974;Product  10009974;1000;KOM
72353;10010097;Product  10010097;1000;KOM
72354;10009970;Product  10009970;1000;KOM
72355;10010091;Product  10010091;1000;KOM
72356;1901125;Product  1901125;1000;KOM
72357;1901630;Product  1901630;1000;KOM
72358;10010194;Product  10010194;1000;KOM
72359;1903900;Product  1903900;1000;KOM
72360;10010193;Product  10010193;1000;KOM
72361;10009988;Product  10009988;1000;KOM
72362;1904957;Product  1904957;1000;KOM
72363;10009967;Product  10009967;1000;KOM
