ORDRS_ID;ORDR;ORDR_TYPE;ORDR_ACTV;PRDCT;PRDCT_DSCR;PRDCT_TARG_QTY;PRDCT_TARG_QTY_UNT;ORDR_PLAN_STRT;ORDR_PLAN_FNSH;PRDCT_CONF_QTY;PRDCT_DELV_QTY;ORDR_CRTD;ORDR_RLSD;ORDR_ACTL_STRT;ORDR_ACTL_FNSH;ORDR_STTS;ORDR_CONF_FNL;ORDR_CONF_PRT;ORDR_PRTY
42147;6214856;LA;0;1903608;Product 1903608;8650.00;KOM;2008-11-3 0:00:00;2008-11-3 0:00:00;0.00;0.00;2008-10-31 0:00:00;2008-10-31 0:00:00;2008-11-18 0:00:00;2008-11-18 0:00:00;;0;0;999
42148;6214849;LA;0;1904124;Product 1904124;3190.00;KOM;2008-11-3 0:00:00;2008-11-3 0:00:00;0.00;0.00;2008-10-31 0:00:00;2008-10-31 0:00:00;2008-11-18 0:00:00;2008-11-18 0:00:00;;0;0;999
42149;6214882;LA;0;1904256;Product 1904256;23200.00;KOM;2008-11-3 0:00:00;2008-11-3 0:00:00;0.00;0.00;2008-10-31 0:00:00;2008-10-31 0:00:00;2008-11-18 0:00:00;2008-11-18 0:00:00;;0;0;999
42150;6214861;LA;0;10010043;Product 10010043;129500.00;KOM;2008-11-3 0:00:00;2008-11-3 0:00:00;0.00;0.00;2008-10-31 0:00:00;2008-10-31 0:00:00;2008-11-18 0:00:00;2008-11-18 0:00:00;;0;0;999
42151;6214830;LA;0;10010151;Product 10010151;20900.00;KOM;2008-11-3 0:00:00;2008-11-3 0:00:00;0.00;0.00;2008-10-31 0:00:00;2008-10-31 0:00:00;2008-11-18 0:00:00;2008-11-18 0:00:00;;0;0;999
42152;6214885;LA;0;10010152;Product 10010152;23400.00;KOM;2008-11-3 0:00:00;2008-11-3 0:00:00;0.00;0.00;2008-10-31 0:00:00;2008-10-31 0:00:00;2008-11-18 0:00:00;2008-11-18 0:00:00;;0;0;999
42153;6214831;LA;0;10010208;Product 10010208;20700.00;KOM;2008-11-3 0:00:00;2008-11-3 0:00:00;0.00;0.00;2008-10-31 0:00:00;2008-10-31 0:00:00;2008-11-18 0:00:00;2008-11-18 0:00:00;;0;0;999
42154;6214862;LA;0;10010223;Product 10010223;20000.00;KOM;2008-11-3 0:00:00;2008-11-3 0:00:00;0.00;0.00;2008-10-31 0:00:00;2008-10-31 0:00:00;2008-11-18 0:00:00;2008-11-18 0:00:00;;0;0;999
42155;6214827;LA;0;10010302;Product 10010302;34870.00;KOM;2008-11-3 0:00:00;2008-11-3 0:00:00;0.00;0.00;2008-10-31 0:00:00;2008-10-31 0:00:00;2008-11-18 0:00:00;2008-11-18 0:00:00;;0;0;999
42156;6214865;LA;0;10010371;Product 10010371;21060.00;KOM;2008-11-3 0:00:00;2008-11-3 0:00:00;0.00;0.00;2008-10-31 0:00:00;2008-10-31 0:00:00;2008-11-18 0:00:00;2008-11-18 0:00:00;;0;0;999
42157;6214866;LA;0;10010372;Product 10010372;21060.00;KOM;2008-11-3 0:00:00;2008-11-3 0:00:00;0.00;0.00;2008-10-31 0:00:00;2008-10-31 0:00:00;2008-11-18 0:00:00;2008-11-18 0:00:00;;0;0;999
42158;6214867;LA;0;10010373;Product 10010373;21060.00;KOM;2008-11-3 0:00:00;2008-11-3 0:00:00;0.00;0.00;2008-10-31 0:00:00;2008-10-31 0:00:00;2008-11-18 0:00:00;2008-11-18 0:00:00;;0;0;999
42159;6214868;LA;0;10010374;Product 10010374;21060.00;KOM;2008-11-3 0:00:00;2008-11-3 0:00:00;0.00;0.00;2008-10-31 0:00:00;2008-10-31 0:00:00;2008-11-18 0:00:00;2008-11-18 0:00:00;;0;0;999
42160;100178352;PI01;1;10010344;Product 10010344;61900.00;KOM;2008-11-5 0:00:00;2008-11-5 0:00:00;61300.00;61300.00;2008-11-5 0:00:00;2008-11-5 0:00:00;2008-11-13 0:00:00;2008-11-13 0:00:00;OTP  KPTV ISP  POT  IZOD KRKN OPGN OSN *;1;0;999
42161;100178353;PI01;1;10010343;Product 10010343;69750.00;KOM;2008-11-5 0:00:00;2008-11-5 0:00:00;69740.00;69740.00;2008-11-5 0:00:00;2008-11-5 0:00:00;2008-12-1 0:00:00;2008-12-1 0:00:00;OTP  KPTV ISP  POT  KRKN OPGN OSN  POKR*;1;0;999
42162;100178354;PI01;1;1902610;Product 1902610;59000.00;KOM;2008-11-6 0:00:00;2008-11-14 0:00:00;59616.00;59616.00;2008-11-6 0:00:00;2008-11-6 0:00:00;2008-11-21 0:00:00;2008-11-21 0:00:00;OTP  KPTV ISP  POT  IZOD KRKN OPGN OSN *;1;0;999
42163;100178355;PI01;1;10010063;Product 10010063;21060.00;KOM;2008-11-6 0:00:00;2008-11-14 0:00:00;20904.00;20904.00;2008-11-6 0:00:00;2008-11-6 0:00:00;2008-11-17 0:00:00;2008-11-17 0:00:00;OTP  KPTV ISP  POT  IZOD KRKN OPGN OSN *;1;0;999
42164;100178356;PI01;1;10010062;Product 10010062;20750.00;KOM;2008-11-6 0:00:00;2008-11-6 0:00:00;20880.00;20880.00;2008-11-6 0:00:00;2008-11-6 0:00:00;2008-11-19 0:00:00;2008-11-19 0:00:00;OTP  NMAT KPTV ISP  POT  IZOD KRKN OPGN*;1;0;999
42165;100178364;PI01;1;10010355;Product 10010355;6030.00;KOM;2008-11-7 0:00:00;2008-11-14 0:00:00;6550.00;6550.00;2008-11-7 0:00:00;2008-11-7 0:00:00;2008-11-24 0:00:00;2008-11-24 0:00:00;OTP  NMAT KPTV ISP  POT  IZOD KRKN OPGN*;1;0;999
42166;100178365;PI01;1;10010356;Product 10010356;13140.00;KOM;2008-11-7 0:00:00;2008-11-14 0:00:00;13275.00;13275.00;2008-11-7 0:00:00;2008-11-7 0:00:00;2008-11-18 0:00:00;2008-11-19 0:00:00;OTP  NMAT KPTV ISP  POT  IZOD KRKN OPGN*;1;0;999
42199;100178497;PI01;1;1903691;Product 1903691;4730.00;KOM;2008-12-1 0:00:00;2008-12-1 0:00:00;0.00;0.00;2008-12-1 0:00:00;2008-12-1 0:00:00;2008-12-4 0:00:00;2008-12-4 0:00:00;OTP  NMAT POT  OPGN OSN  POKR RMNP;0;0;999
42200;100178502;PI01;1;10010202;Product 10010202;9925.00;KOM;2008-12-1 0:00:00;2008-12-1 0:00:00;0.00;0.00;2008-12-1 0:00:00;2008-12-1 0:00:00;2008-12-4 0:00:00;2008-12-4 0:00:00;OTP  NMAT POT  OPGN OSN  POKR;0;0;999
42201;100178503;PI01;1;10010051;Product 10010051;1630.00;KOM;2008-12-1 0:00:00;2008-12-1 0:00:00;0.00;0.00;2008-12-1 0:00:00;2008-12-1 0:00:00;2008-12-4 0:00:00;2008-12-4 0:00:00;OTP  POT  OPGN OSN  POKR POTM;0;0;999
42202;6215232;LA;0;1902571;Product 1902571;46400.00;KOM;2008-12-1 0:00:00;2008-12-1 0:00:00;0.00;0.00;2008-12-1 0:00:00;2008-12-1 0:00:00;2008-12-4 0:00:00;2008-12-4 0:00:00;;0;0;999
42203;6215233;LA;0;1902610;Product 1902610;35400.00;KOM;2008-12-1 0:00:00;2008-12-1 0:00:00;0.00;0.00;2008-12-1 0:00:00;2008-12-1 0:00:00;2008-12-4 0:00:00;2008-12-4 0:00:00;;0;0;999
42204;6215234;LA;0;1902857;Product 1902857;24400.00;KOM;2008-12-1 0:00:00;2008-12-1 0:00:00;0.00;0.00;2008-12-1 0:00:00;2008-12-1 0:00:00;2008-12-4 0:00:00;2008-12-4 0:00:00;;0;0;999
42205;6246410;LA;0;1902725;Product 1902725;11700.00;KOM;2008-12-1 0:00:00;2008-12-1 0:00:00;0.00;0.00;2008-12-1 0:00:00;2008-12-1 0:00:00;2008-12-4 0:00:00;2008-12-4 0:00:00;;0;0;999
42206;6215235;LA;0;1903446;Product 1903446;25350.00;KOM;2008-12-1 0:00:00;2008-12-1 0:00:00;0.00;0.00;2008-12-1 0:00:00;2008-12-1 0:00:00;2008-12-4 0:00:00;2008-12-4 0:00:00;;0;0;999
42207;6215236;LA;0;1903454;Product 1903454;11650.00;KOM;2008-12-1 0:00:00;2008-12-1 0:00:00;0.00;0.00;2008-12-1 0:00:00;2008-12-1 0:00:00;2008-12-4 0:00:00;2008-12-4 0:00:00;;0;0;999
42208;6215198;LA;0;1903594;Product 1903594;5100.00;KOM;2008-12-1 0:00:00;2008-12-1 0:00:00;0.00;0.00;2008-12-1 0:00:00;2008-12-1 0:00:00;2008-12-4 0:00:00;2008-12-4 0:00:00;;0;0;999
42209;6215202;LA;0;1903586;Product 1903586;23400.00;KOM;2008-12-1 0:00:00;2008-12-1 0:00:00;0.00;0.00;2008-12-1 0:00:00;2008-12-1 0:00:00;2008-12-4 0:00:00;2008-12-4 0:00:00;;0;0;999
42210;6215197;LA;0;1903608;Product 1903608;26100.00;KOM;2008-12-1 0:00:00;2008-12-1 0:00:00;0.00;0.00;2008-12-1 0:00:00;2008-12-1 0:00:00;2008-12-4 0:00:00;2008-12-4 0:00:00;;0;0;999
42211;6215203;LA;0;1903616;Product 1903616;10260.00;KOM;2008-12-1 0:00:00;2008-12-1 0:00:00;0.00;0.00;2008-12-1 0:00:00;2008-12-1 0:00:00;2008-12-4 0:00:00;2008-12-4 0:00:00;;0;0;999
42212;6215204;LA;0;1903632;Product 1903632;13250.00;KOM;2008-12-1 0:00:00;2008-12-1 0:00:00;0.00;0.00;2008-12-1 0:00:00;2008-12-1 0:00:00;2008-12-4 0:00:00;2008-12-4 0:00:00;;0;0;999
42213;6215543;LA;0;1903675;Product 1903675;25850.00;KOM;2008-12-1 0:00:00;2008-12-1 0:00:00;0.00;0.00;2008-12-1 0:00:00;2008-12-1 0:00:00;2008-12-4 0:00:00;2008-12-4 0:00:00;;0;0;999
42214;6215207;LA;0;1903691;Product 1903691;4730.00;KOM;2008-12-1 0:00:00;2008-12-1 0:00:00;0.00;0.00;2008-12-1 0:00:00;2008-12-1 0:00:00;2008-12-4 0:00:00;2008-12-4 0:00:00;;0;0;999
42215;6215238;LA;0;1903730;Product 1903730;12200.00;KOM;2008-12-1 0:00:00;2008-12-1 0:00:00;0.00;0.00;2008-12-1 0:00:00;2008-12-1 0:00:00;2008-12-4 0:00:00;2008-12-4 0:00:00;;0;0;999
42216;6215208;LA;0;1903951;Product 1903951;19810.00;KOM;2008-12-1 0:00:00;2008-12-1 0:00:00;0.00;0.00;2008-12-1 0:00:00;2008-12-1 0:00:00;2008-12-4 0:00:00;2008-12-4 0:00:00;;0;0;999
42217;6215209;LA;0;1904388;Product 1904388;10050.00;KOM;2008-12-1 0:00:00;2008-12-1 0:00:00;0.00;0.00;2008-12-1 0:00:00;2008-12-1 0:00:00;2008-12-4 0:00:00;2008-12-4 0:00:00;;0;0;999
42218;6215210;LA;0;1904574;Product 1904574;4095.00;KOM;2008-12-1 0:00:00;2008-12-1 0:00:00;0.00;0.00;2008-12-1 0:00:00;2008-12-1 0:00:00;2008-12-4 0:00:00;2008-12-4 0:00:00;;0;0;999
42219;6215240;LA;0;1904256;Product 1904256;19970.00;KOM;2008-12-1 0:00:00;2008-12-1 0:00:00;0.00;0.00;2008-12-1 0:00:00;2008-12-1 0:00:00;2008-12-4 0:00:00;2008-12-4 0:00:00;;0;0;999
42220;6221269;LA;0;1904574;Product 1904574;15865.00;KOM;2008-12-1 0:00:00;2008-12-1 0:00:00;0.00;0.00;2008-12-1 0:00:00;2008-12-1 0:00:00;2008-12-4 0:00:00;2008-12-4 0:00:00;;0;0;999
42221;6215178;LA;0;1904698;Product 1904698;4000.00;KOM;2008-12-1 0:00:00;2008-12-1 0:00:00;0.00;0.00;2008-12-1 0:00:00;2008-12-1 0:00:00;2008-12-4 0:00:00;2008-12-4 0:00:00;;0;0;999
42222;6215184;LA;0;1904744;Product 1904744;10200.00;KOM;2008-12-1 0:00:00;2008-12-1 0:00:00;0.00;0.00;2008-12-1 0:00:00;2008-12-1 0:00:00;2008-12-4 0:00:00;2008-12-4 0:00:00;;0;0;999
42223;6215185;LA;0;1904752;Product 1904752;33470.00;KOM;2008-12-1 0:00:00;2008-12-1 0:00:00;0.00;0.00;2008-12-1 0:00:00;2008-12-1 0:00:00;2008-12-4 0:00:00;2008-12-4 0:00:00;;0;0;999
42224;6215186;LA;0;10010061;Product 10010061;30060.00;KOM;2008-12-1 0:00:00;2008-12-1 0:00:00;0.00;0.00;2008-12-1 0:00:00;2008-12-1 0:00:00;2008-12-4 0:00:00;2008-12-4 0:00:00;;0;0;999
42225;6215214;LA;0;10010063;Product 10010063;21060.00;KOM;2008-12-1 0:00:00;2008-12-1 0:00:00;0.00;0.00;2008-12-1 0:00:00;2008-12-1 0:00:00;2008-12-4 0:00:00;2008-12-4 0:00:00;;0;0;999
42226;6215242;LA;0;10010083;Product 10010083;24700.00;KOM;2008-12-1 0:00:00;2008-12-1 0:00:00;0.00;0.00;2008-12-1 0:00:00;2008-12-1 0:00:00;2008-12-4 0:00:00;2008-12-4 0:00:00;;0;0;999
42227;6215243;LA;0;10010151;Product 10010151;23600.00;KOM;2008-12-1 0:00:00;2008-12-1 0:00:00;0.00;0.00;2008-12-1 0:00:00;2008-12-1 0:00:00;2008-12-4 0:00:00;2008-12-4 0:00:00;;0;0;999
42228;6215215;LA;0;10010223;Product 10010223;20000.00;KOM;2008-12-1 0:00:00;2008-12-1 0:00:00;0.00;0.00;2008-12-1 0:00:00;2008-12-1 0:00:00;2008-12-4 0:00:00;2008-12-4 0:00:00;;0;0;999
42229;6215216;LA;0;10010240;Product 10010240;20070.00;KOM;2008-12-1 0:00:00;2008-12-1 0:00:00;0.00;0.00;2008-12-1 0:00:00;2008-12-1 0:00:00;2008-12-4 0:00:00;2008-12-4 0:00:00;;0;0;999
42230;6215217;LA;0;10010242;Product 10010242;20430.00;KOM;2008-12-1 0:00:00;2008-12-1 0:00:00;0.00;0.00;2008-12-1 0:00:00;2008-12-1 0:00:00;2008-12-4 0:00:00;2008-12-4 0:00:00;;0;0;999
42231;6215182;LA;0;10010302;Product 10010302;18700.00;KOM;2008-12-1 0:00:00;2008-12-1 0:00:00;0.00;0.00;2008-12-1 0:00:00;2008-12-1 0:00:00;2008-12-4 0:00:00;2008-12-4 0:00:00;;0;0;999
42232;6215218;LA;0;10010245;Product 10010245;21500.00;KOM;2008-12-1 0:00:00;2008-12-1 0:00:00;0.00;0.00;2008-12-1 0:00:00;2008-12-1 0:00:00;2008-12-4 0:00:00;2008-12-4 0:00:00;;0;0;999
42233;6215196;LA;0;10010339;Product 10010339;9750.00;KOM;2008-12-1 0:00:00;2008-12-1 0:00:00;0.00;0.00;2008-12-1 0:00:00;2008-12-1 0:00:00;2008-12-4 0:00:00;2008-12-4 0:00:00;;0;0;999
42234;6215183;LA;0;10010380;Product 10010380;5000.00;KOM;2008-12-1 0:00:00;2008-12-1 0:00:00;0.00;0.00;2008-12-1 0:00:00;2008-12-1 0:00:00;2008-12-4 0:00:00;2008-12-4 0:00:00;;0;0;999
42235;6215524;LA;0;10010410;Product 10010410;20200.00;KOM;2008-12-1 0:00:00;2008-12-1 0:00:00;0.00;0.00;2008-12-1 0:00:00;2008-12-1 0:00:00;2008-12-4 0:00:00;2008-12-4 0:00:00;;0;0;999
42236;6215525;LA;0;10010411;Product 10010411;20750.00;KOM;2008-12-1 0:00:00;2008-12-1 0:00:00;0.00;0.00;2008-12-1 0:00:00;2008-12-1 0:00:00;2008-12-4 0:00:00;2008-12-4 0:00:00;;0;0;999
42237;6215526;LA;0;10010412;Product 10010412;21060.00;KOM;2008-12-1 0:00:00;2008-12-1 0:00:00;0.00;0.00;2008-12-1 0:00:00;2008-12-1 0:00:00;2008-12-4 0:00:00;2008-12-4 0:00:00;;0;0;999
42238;6215527;LA;0;10010413;Product 10010413;20430.00;KOM;2008-12-1 0:00:00;2008-12-1 0:00:00;0.00;0.00;2008-12-1 0:00:00;2008-12-1 0:00:00;2008-12-4 0:00:00;2008-12-4 0:00:00;;0;0;999
42239;6215528;LA;0;10010414;Product 10010414;20070.00;KOM;2008-12-1 0:00:00;2008-12-1 0:00:00;0.00;0.00;2008-12-1 0:00:00;2008-12-1 0:00:00;2008-12-4 0:00:00;2008-12-4 0:00:00;;0;0;999
42240;6215529;LA;0;10010415;Product 10010415;21060.00;KOM;2008-12-1 0:00:00;2008-12-1 0:00:00;0.00;0.00;2008-12-1 0:00:00;2008-12-1 0:00:00;2008-12-4 0:00:00;2008-12-4 0:00:00;;0;0;999
42241;6215530;LA;0;10010416;Product 10010416;19800.00;KOM;2008-12-1 0:00:00;2008-12-1 0:00:00;0.00;0.00;2008-12-1 0:00:00;2008-12-1 0:00:00;2008-12-4 0:00:00;2008-12-4 0:00:00;;0;0;999
42242;6215531;LA;0;10010417;Product 10010417;19700.00;KOM;2008-12-1 0:00:00;2008-12-1 0:00:00;0.00;0.00;2008-12-1 0:00:00;2008-12-1 0:00:00;2008-12-4 0:00:00;2008-12-4 0:00:00;;0;0;999
42243;6215563;LA;0;10010425;Product 10010425;9925.00;KOM;2008-12-1 0:00:00;2008-12-1 0:00:00;0.00;0.00;2008-12-1 0:00:00;2008-12-1 0:00:00;2008-12-4 0:00:00;2008-12-4 0:00:00;;0;0;999
42244;6215565;LA;0;10010424;Product 10010424;21000.00;KOM;2008-12-1 0:00:00;2008-12-1 0:00:00;0.00;0.00;2008-12-1 0:00:00;2008-12-1 0:00:00;2008-12-4 0:00:00;2008-12-4 0:00:00;;0;0;999
42245;6215567;LA;0;10010423;Product 10010423;21000.00;KOM;2008-12-1 0:00:00;2008-12-1 0:00:00;0.00;0.00;2008-12-1 0:00:00;2008-12-1 0:00:00;2008-12-4 0:00:00;2008-12-4 0:00:00;;0;0;999
42246;100178509;PI01;1;1902610;Product 1902610;55256.00;KOM;2008-12-2 0:00:00;2008-12-2 0:00:00;56100.00;56100.00;2008-12-2 0:00:00;2008-12-2 0:00:00;2008-12-10 0:00:00;2008-12-10 0:00:00;OTP  NMAT KPTV ISP  POT  KRKN OPGN OSN *;1;0;999
42247;6246474;LA;0;10010035;Product 10010035;6200.00;KOM;2008-12-2 0:00:00;2008-12-2 0:00:00;0.00;0.00;2008-12-2 0:00:00;2008-12-2 0:00:00;2008-12-10 0:00:00;2008-12-10 0:00:00;;0;0;999
42248;100178512;PI01;1;10010355;Product 10010355;12418.00;KOM;2008-12-3 0:00:00;2008-12-3 0:00:00;11160.00;11160.00;2008-12-3 0:00:00;2008-12-3 0:00:00;2008-12-9 0:00:00;2008-12-9 0:00:00;OTP  NMAT KPTV ISP  POT  KRKN OPGN OSN *;1;0;999
42249;100178513;PI01;1;10010356;Product 10010356;6932.00;KOM;2008-12-3 0:00:00;2008-12-3 0:00:00;7495.00;7495.00;2008-12-3 0:00:00;2008-12-3 0:00:00;2008-12-10 0:00:00;2008-12-10 0:00:00;OTP  KPTV ISP  POT  KRKN OPGN OSN  POKR*;1;0;999
42250;100178514;PI01;1;1903608;Product 1903608;8650.00;KOM;2008-12-3 0:00:00;2008-12-3 0:00:00;0.00;0.00;2008-12-3 0:00:00;2008-12-3 0:00:00;2008-12-10 0:00:00;2008-12-10 0:00:00;OTP  NMAT POT  OPGN OSN  POKR;0;0;999
42251;100178515;PI01;1;1903594;Product 1903594;15390.00;KOM;2008-12-3 0:00:00;2008-12-3 0:00:00;0.00;0.00;2008-12-3 0:00:00;2008-12-3 0:00:00;2008-12-10 0:00:00;2008-12-10 0:00:00;OTP  POT  OPGN OSN  POKR POTM;0;0;999
42252;6246483;LA;0;10010356;Product 10010356;6208.00;KOM;2008-12-3 0:00:00;2008-12-3 0:00:00;0.00;0.00;2008-12-3 0:00:00;2008-12-3 0:00:00;2008-12-10 0:00:00;2008-12-10 0:00:00;;0;0;999
42253;100178535;PI01;1;1904744;Product 1904744;9800.00;KOM;2008-12-5 0:00:00;2008-12-5 0:00:00;0.00;0.00;2008-12-5 0:00:00;2008-12-5 0:00:00;2008-12-10 0:00:00;2008-12-10 0:00:00;OTP  NMAT POT  OPGN OSN  POKR;0;0;999
42254;100178536;PI01;1;1904752;Product 1904752;11530.00;KOM;2008-12-5 0:00:00;2008-12-5 0:00:00;0.00;0.00;2008-12-5 0:00:00;2008-12-5 0:00:00;2008-12-10 0:00:00;2008-12-10 0:00:00;OTP  NMAT POT  OPGN OSN  POKR;0;0;999
42255;100178537;PI01;1;10010059;Product 10010059;17000.00;KOM;2008-12-5 0:00:00;2008-12-5 0:00:00;16776.00;16776.00;2008-12-5 0:00:00;2008-12-5 0:00:00;2008-12-10 0:00:00;2008-12-10 0:00:00;OTP  NMAT KPTV ISP  POT  KRKN OPGN OSN *;1;0;999
42256;100178543;PI01;1;10010033;Product 10010033;9800.00;KOM;2008-12-5 0:00:00;2008-12-5 0:00:00;0.00;0.00;2008-12-5 0:00:00;2008-12-5 0:00:00;2008-12-10 0:00:00;2008-12-10 0:00:00;OTP  NMAT POT  OPGN OSN  POKR;0;0;999
42257;100178544;PI01;1;1902571;Product 1902571;39000.00;KOM;2008-12-5 0:00:00;2008-12-5 0:00:00;0.00;0.00;2008-12-5 0:00:00;2008-12-5 0:00:00;2008-12-10 0:00:00;2008-12-10 0:00:00;OTP  NMAT POT  OPGN OSN  POKR RMNP;0;0;999
42258;100178545;PI01;1;1902431;Product 1902431;23000.00;KOM;2008-12-5 0:00:00;2008-12-5 0:00:00;0.00;0.00;2008-12-5 0:00:00;2008-12-5 0:00:00;2008-12-10 0:00:00;2008-12-10 0:00:00;OTP  NMAT POT  OPGN OSN  POKR RMNP;0;0;999
42259;100178546;PI01;1;10010060;Product 10010060;17000.00;KOM;2008-12-5 0:00:00;2008-12-5 0:00:00;16992.00;16992.00;2008-12-5 0:00:00;2008-12-5 0:00:00;2008-12-11 0:00:00;2008-12-11 0:00:00;OTP  NMAT KPTV ISP  POT  KRKN OPGN OSN *;1;0;999
42260;100178547;PI01;1;10010064;Product 10010064;43250.00;KOM;2008-12-5 0:00:00;2008-12-5 0:00:00;20160.00;20160.00;2008-12-5 0:00:00;2008-12-5 0:00:00;2008-12-11 0:00:00;2008-12-11 0:00:00;OTP  NMAT DPTV POT  DISP KRKN OPGN OSN *;0;1;999
42261;100178548;PI01;1;10010062;Product 10010062;41500.00;KOM;2008-12-5 0:00:00;2008-12-5 0:00:00;0.00;0.00;2008-12-5 0:00:00;2008-12-5 0:00:00;2008-12-11 0:00:00;2008-12-11 0:00:00;OTP  NMAT POT  OPGN OSN  POKR RMNP;0;0;999
42262;100178554;PI01;1;10010032;Product 10010032;3744.00;KOM;2008-12-9 0:00:00;2008-12-9 0:00:00;3192.00;3192.00;2008-12-9 0:00:00;2008-12-9 0:00:00;2008-12-10 0:00:00;2008-12-10 0:00:00;OTP  KPTV ISP  POT  KRKN OPGN OSN  POKR*;1;0;999
42263;100178555;PI01;1;1904957;Product 1904957;5000.00;KOM;2008-12-9 0:00:00;2008-12-9 0:00:00;4148.00;4148.00;2008-12-9 0:00:00;2008-12-9 0:00:00;2008-12-10 0:00:00;2008-12-10 0:00:00;OTP  NMAT KPTV ISP  POT  KRKN OPGN OSN *;1;0;999
42264;100178558;PI01;1;1904736;Product 1904736;900.00;KOM;2008-12-11 0:00:00;2008-12-11 0:00:00;0.00;0.00;2008-12-11 0:00:00;2008-12-11 0:00:00;2008-12-10 0:00:00;2008-12-10 0:00:00;OTP  POT  OPGN OSN  POKR RMNP;0;0;999
42265;100178559;PI01;1;10010204;Product 10010204;10500.00;KOM;2008-12-11 0:00:00;2008-12-11 0:00:00;0.00;0.00;2008-12-11 0:00:00;2008-12-11 0:00:00;2008-12-10 0:00:00;2008-12-10 0:00:00;OTP  NMAT POT  OPGN OSN  POKR RMNP;0;0;999
42266;100178560;PI01;1;1904957;Product 1904957;980.00;KOM;2008-12-11 0:00:00;2008-12-11 0:00:00;0.00;0.00;2008-12-11 0:00:00;2008-12-11 0:00:00;2008-12-10 0:00:00;2008-12-10 0:00:00;OTP  POT  OPGN OSN  POKR RMNP;0;0;999
42267;100178561;PI01;1;10010203;Product 10010203;10500.00;KOM;2008-12-11 0:00:00;2008-12-11 0:00:00;0.00;0.00;2008-12-11 0:00:00;2008-12-11 0:00:00;2008-12-10 0:00:00;2008-12-10 0:00:00;OTP  NMAT POT  OPGN OSN  POKR RMNP;0;0;999
42268;100178562;PI01;1;10009982;Product 10009982;26000.00;KOM;2008-12-11 0:00:00;2008-12-11 0:00:00;0.00;0.00;2008-12-11 0:00:00;2008-12-11 0:00:00;2008-12-10 0:00:00;2008-12-10 0:00:00;OTP  NMAT POT  OPGN OSN  POKR RMNP;0;0;999
42269;6246265;LA;0;1902431;Product 1902431;20000.00;KOM;2009-1-2 0:00:00;2009-1-2 0:00:00;0.00;0.00;2008-12-11 0:00:00;2008-12-11 0:00:00;2008-12-10 0:00:00;2008-12-10 0:00:00;;0;0;999
42270;6246299;LA;0;1902571;Product 1902571;36600.00;KOM;2009-1-2 0:00:00;2009-1-2 0:00:00;0.00;0.00;2008-12-11 0:00:00;2008-12-11 0:00:00;2008-12-10 0:00:00;2008-12-10 0:00:00;;0;0;999
42271;6246253;LA;0;1902610;Product 1902610;47300.00;KOM;2009-1-2 0:00:00;2009-1-2 0:00:00;0.00;0.00;2008-12-11 0:00:00;2008-12-11 0:00:00;2008-12-10 0:00:00;2008-12-10 0:00:00;;0;0;999
42272;6246266;LA;0;1902717;Product 1902717;3000.00;KOM;2009-1-2 0:00:00;2009-1-2 0:00:00;0.00;0.00;2008-12-11 0:00:00;2008-12-11 0:00:00;2008-12-10 0:00:00;2008-12-10 0:00:00;;0;0;999
42273;6246246;LA;0;1903136;Product 1903136;8500.00;KOM;2009-1-2 0:00:00;2009-1-2 0:00:00;0.00;0.00;2008-12-11 0:00:00;2008-12-11 0:00:00;2008-12-10 0:00:00;2008-12-10 0:00:00;;0;0;999
42274;6246263;LA;0;1903144;Product 1903144;5990.00;KOM;2009-1-2 0:00:00;2009-1-2 0:00:00;0.00;0.00;2008-12-11 0:00:00;2008-12-11 0:00:00;2008-12-10 0:00:00;2008-12-10 0:00:00;;0;0;999
42275;6246267;LA;0;1902733;Product 1902733;3000.00;KOM;2009-1-2 0:00:00;2009-1-2 0:00:00;0.00;0.00;2008-12-11 0:00:00;2008-12-11 0:00:00;2008-12-10 0:00:00;2008-12-10 0:00:00;;0;0;999
42276;6246272;LA;0;1903373;Product 1903373;4730.00;KOM;2009-1-2 0:00:00;2009-1-2 0:00:00;0.00;0.00;2008-12-11 0:00:00;2008-12-11 0:00:00;2008-12-10 0:00:00;2008-12-10 0:00:00;;0;0;999
42277;6246273;LA;0;1903594;Product 1903594;10260.00;KOM;2009-1-2 0:00:00;2009-1-2 0:00:00;0.00;0.00;2008-12-11 0:00:00;2008-12-11 0:00:00;2008-12-10 0:00:00;2008-12-10 0:00:00;;0;0;999
42278;6246300;LA;0;1903721;Product 1903721;17278.00;KOM;2009-1-2 0:00:00;2009-1-2 0:00:00;0.00;0.00;2008-12-11 0:00:00;2008-12-11 0:00:00;2008-12-10 0:00:00;2008-12-10 0:00:00;;0;0;999
42279;6246301;LA;0;1903730;Product 1903730;18400.00;KOM;2009-1-2 0:00:00;2009-1-2 0:00:00;0.00;0.00;2008-12-11 0:00:00;2008-12-11 0:00:00;2008-12-10 0:00:00;2008-12-10 0:00:00;;0;0;999
42280;6246274;LA;0;1903934;Product 1903934;11700.00;KOM;2009-1-2 0:00:00;2009-1-2 0:00:00;0.00;0.00;2008-12-11 0:00:00;2008-12-11 0:00:00;2008-12-10 0:00:00;2008-12-10 0:00:00;;0;0;999
42281;6246302;LA;0;1903748;Product 1903748;35200.00;KOM;2009-1-2 0:00:00;2009-1-2 0:00:00;0.00;0.00;2008-12-11 0:00:00;2008-12-11 0:00:00;2008-12-10 0:00:00;2008-12-10 0:00:00;;0;0;999
42282;6246268;LA;0;1903942;Product 1903942;24340.00;KOM;2009-1-2 0:00:00;2009-1-2 0:00:00;0.00;0.00;2008-12-11 0:00:00;2008-12-11 0:00:00;2008-12-10 0:00:00;2008-12-10 0:00:00;;0;0;999
42283;6246269;LA;0;1903951;Product 1903951;11160.00;KOM;2009-1-2 0:00:00;2009-1-2 0:00:00;0.00;0.00;2008-12-11 0:00:00;2008-12-11 0:00:00;2008-12-10 0:00:00;2008-12-10 0:00:00;;0;0;999
42284;6246271;LA;0;1904124;Product 1904124;340.00;KOM;2009-1-2 0:00:00;2009-1-2 0:00:00;0.00;0.00;2008-12-11 0:00:00;2008-12-11 0:00:00;2008-12-10 0:00:00;2008-12-10 0:00:00;;0;0;999
42285;6246275;LA;0;1904116;Product 1904116;11883.00;KOM;2009-1-2 0:00:00;2009-1-2 0:00:00;0.00;0.00;2008-12-11 0:00:00;2008-12-11 0:00:00;2008-12-10 0:00:00;2008-12-10 0:00:00;;0;0;999
42286;6246276;LA;0;1904680;Product 1904680;21060.00;KOM;2009-1-2 0:00:00;2009-1-2 0:00:00;0.00;0.00;2008-12-11 0:00:00;2008-12-11 0:00:00;2008-12-10 0:00:00;2008-12-10 0:00:00;;0;0;999
42287;6246277;LA;0;1904698;Product 1904698;21060.00;KOM;2009-1-2 0:00:00;2009-1-2 0:00:00;0.00;0.00;2008-12-11 0:00:00;2008-12-11 0:00:00;2008-12-10 0:00:00;2008-12-10 0:00:00;;0;0;999
42288;6246338;LA;0;1904582;Product 1904582;3180.00;KOM;2009-1-2 0:00:00;2009-1-2 0:00:00;0.00;0.00;2008-12-11 0:00:00;2008-12-11 0:00:00;2008-12-10 0:00:00;2008-12-10 0:00:00;;0;0;999
42289;6246339;LA;0;1904582;Product 1904582;16740.00;KOM;2009-1-2 0:00:00;2009-1-2 0:00:00;0.00;0.00;2008-12-11 0:00:00;2008-12-11 0:00:00;2008-12-10 0:00:00;2008-12-10 0:00:00;;0;0;999
42290;6246255;LA;0;1904744;Product 1904744;32300.00;KOM;2009-1-2 0:00:00;2009-1-2 0:00:00;0.00;0.00;2008-12-11 0:00:00;2008-12-11 0:00:00;2008-12-10 0:00:00;2008-12-10 0:00:00;;0;0;999
42291;6246256;LA;0;1904752;Product 1904752;25000.00;KOM;2009-1-2 0:00:00;2009-1-2 0:00:00;0.00;0.00;2008-12-11 0:00:00;2008-12-11 0:00:00;2008-12-10 0:00:00;2008-12-10 0:00:00;;0;0;999
42292;6246278;LA;0;1904973;Product 1904973;20554.00;KOM;2009-1-2 0:00:00;2009-1-2 0:00:00;0.00;0.00;2008-12-11 0:00:00;2008-12-11 0:00:00;2008-12-10 0:00:00;2008-12-10 0:00:00;;0;0;999
42293;6246279;LA;0;10009982;Product 10009982;13000.00;KOM;2009-1-2 0:00:00;2009-1-2 0:00:00;0.00;0.00;2008-12-11 0:00:00;2008-12-11 0:00:00;2008-12-10 0:00:00;2008-12-10 0:00:00;;0;0;999
42294;6246419;LA;0;1904965;Product 1904965;19960.00;KOM;2009-1-2 0:00:00;2009-1-2 0:00:00;0.00;0.00;2008-12-11 0:00:00;2008-12-11 0:00:00;2008-12-10 0:00:00;2008-12-10 0:00:00;;0;0;999
42295;6246254;LA;0;10010032;Product 10010032;4956.00;KOM;2009-1-2 0:00:00;2009-1-2 0:00:00;0.00;0.00;2008-12-11 0:00:00;2008-12-11 0:00:00;2008-12-10 0:00:00;2008-12-10 0:00:00;;0;0;999
42296;6246303;LA;0;10010033;Product 10010033;14600.00;KOM;2009-1-2 0:00:00;2009-1-2 0:00:00;0.00;0.00;2008-12-11 0:00:00;2008-12-11 0:00:00;2008-12-10 0:00:00;2008-12-10 0:00:00;;0;0;999
42297;6246280;LA;0;10010061;Product 10010061;42120.00;KOM;2009-1-2 0:00:00;2009-1-2 0:00:00;0.00;0.00;2008-12-11 0:00:00;2008-12-11 0:00:00;2008-12-10 0:00:00;2008-12-10 0:00:00;;0;0;999
42298;6246281;LA;0;10010062;Product 10010062;41500.00;KOM;2009-1-2 0:00:00;2009-1-2 0:00:00;0.00;0.00;2008-12-11 0:00:00;2008-12-11 0:00:00;2008-12-10 0:00:00;2008-12-10 0:00:00;;0;0;999
42299;6246282;LA;0;10010063;Product 10010063;21060.00;KOM;2009-1-2 0:00:00;2009-1-2 0:00:00;0.00;0.00;2008-12-11 0:00:00;2008-12-11 0:00:00;2008-12-10 0:00:00;2008-12-10 0:00:00;;0;0;999
42300;6246283;LA;0;10010064;Product 10010064;20200.00;KOM;2009-1-2 0:00:00;2009-1-2 0:00:00;0.00;0.00;2008-12-11 0:00:00;2008-12-11 0:00:00;2008-12-10 0:00:00;2008-12-10 0:00:00;;0;0;999
42301;6246245;LA;0;10010111;Product 10010111;16029.00;KOM;2009-1-2 0:00:00;2009-1-2 0:00:00;0.00;0.00;2008-12-11 0:00:00;2008-12-11 0:00:00;2008-12-10 0:00:00;2008-12-10 0:00:00;;0;0;999
42302;6246413;LA;0;10010098;Product 10010098;1650.00;KOM;2009-1-2 0:00:00;2009-1-2 0:00:00;0.00;0.00;2008-12-11 0:00:00;2008-12-11 0:00:00;2008-12-10 0:00:00;2008-12-10 0:00:00;;0;0;999
42303;6246284;LA;0;10010221;Product 10010221;21590.00;KOM;2009-1-2 0:00:00;2009-1-2 0:00:00;0.00;0.00;2008-12-11 0:00:00;2008-12-11 0:00:00;2008-12-10 0:00:00;2008-12-10 0:00:00;;0;0;999
42304;6246285;LA;0;10010240;Product 10010240;20070.00;KOM;2009-1-2 0:00:00;2009-1-2 0:00:00;0.00;0.00;2008-12-11 0:00:00;2008-12-11 0:00:00;2008-12-10 0:00:00;2008-12-10 0:00:00;;0;0;999
42305;6246286;LA;0;10010241;Product 10010241;20600.00;KOM;2009-1-2 0:00:00;2009-1-2 0:00:00;0.00;0.00;2008-12-11 0:00:00;2008-12-11 0:00:00;2008-12-10 0:00:00;2008-12-10 0:00:00;;0;0;999
42306;6246287;LA;0;10010242;Product 10010242;20430.00;KOM;2009-1-2 0:00:00;2009-1-2 0:00:00;0.00;0.00;2008-12-11 0:00:00;2008-12-11 0:00:00;2008-12-10 0:00:00;2008-12-10 0:00:00;;0;0;999
42307;6246264;LA;0;10010262;Product 10010262;7252.00;KOM;2009-1-2 0:00:00;2009-1-2 0:00:00;0.00;0.00;2008-12-11 0:00:00;2008-12-11 0:00:00;2008-12-10 0:00:00;2008-12-10 0:00:00;;0;0;999
42308;6246288;LA;0;10010243;Product 10010243;20600.00;KOM;2009-1-2 0:00:00;2009-1-2 0:00:00;0.00;0.00;2008-12-11 0:00:00;2008-12-11 0:00:00;2008-12-10 0:00:00;2008-12-10 0:00:00;;0;0;999
42309;6246481;LA;0;10010355;Product 10010355;13882.00;KOM;2009-1-2 0:00:00;2009-1-2 0:00:00;0.00;0.00;2008-12-11 0:00:00;2008-12-11 0:00:00;2008-12-10 0:00:00;2008-12-10 0:00:00;;0;0;999
42310;6246484;LA;0;10010356;Product 10010356;6570.00;KOM;2009-1-2 0:00:00;2009-1-2 0:00:00;0.00;0.00;2008-12-11 0:00:00;2008-12-11 0:00:00;2008-12-10 0:00:00;2008-12-10 0:00:00;;0;0;999
42311;6246289;LA;0;10010419;Product 10010419;34400.00;KOM;2009-1-2 0:00:00;2009-1-2 0:00:00;0.00;0.00;2008-12-11 0:00:00;2008-12-11 0:00:00;2008-12-10 0:00:00;2008-12-10 0:00:00;;0;0;999
42312;6246290;LA;0;10010420;Product 10010420;71000.00;KOM;2009-1-2 0:00:00;2009-1-2 0:00:00;0.00;0.00;2008-12-11 0:00:00;2008-12-11 0:00:00;2008-12-10 0:00:00;2008-12-10 0:00:00;;0;0;999
42313;6246522;LA;0;1902610;Product 1902610;88000.00;KOM;2009-1-30 0:00:00;2009-1-30 0:00:00;0.00;0.00;2008-12-11 0:00:00;2008-12-11 0:00:00;2008-12-10 0:00:00;2008-12-10 0:00:00;;0;0;999
42314;6246524;LA;0;1902571;Product 1902571;63200.00;KOM;2009-1-30 0:00:00;2009-1-30 0:00:00;0.00;0.00;2008-12-11 0:00:00;2008-12-11 0:00:00;2008-12-10 0:00:00;2008-12-10 0:00:00;;0;0;999
42315;6246533;LA;0;1903934;Product 1903934;16480.00;KOM;2009-1-30 0:00:00;2009-1-30 0:00:00;0.00;0.00;2008-12-11 0:00:00;2008-12-11 0:00:00;2008-12-10 0:00:00;2008-12-10 0:00:00;;0;0;999
42316;6246536;LA;0;1903951;Product 1903951;11500.00;KOM;2009-1-30 0:00:00;2009-1-30 0:00:00;0.00;0.00;2008-12-11 0:00:00;2008-12-11 0:00:00;2008-12-10 0:00:00;2008-12-10 0:00:00;;0;0;999
42317;6246534;LA;0;1904116;Product 1904116;9450.00;KOM;2009-1-30 0:00:00;2009-1-30 0:00:00;0.00;0.00;2008-12-11 0:00:00;2008-12-11 0:00:00;2008-12-10 0:00:00;2008-12-10 0:00:00;;0;0;999
42318;6246526;LA;0;1904752;Product 1904752;22500.00;KOM;2009-1-30 0:00:00;2009-1-30 0:00:00;0.00;0.00;2008-12-11 0:00:00;2008-12-11 0:00:00;2008-12-10 0:00:00;2008-12-10 0:00:00;;0;0;999
42319;6246532;LA;0;10009982;Product 10009982;26000.00;KOM;2009-1-30 0:00:00;2009-1-30 0:00:00;0.00;0.00;2008-12-11 0:00:00;2008-12-11 0:00:00;2008-12-10 0:00:00;2008-12-10 0:00:00;;0;0;999
42320;6246523;LA;0;10010032;Product 10010032;6400.00;KOM;2009-1-30 0:00:00;2009-1-30 0:00:00;0.00;0.00;2008-12-11 0:00:00;2008-12-11 0:00:00;2008-12-10 0:00:00;2008-12-10 0:00:00;;0;0;999
42321;6246525;LA;0;10010033;Product 10010033;10000.00;KOM;2009-1-30 0:00:00;2009-1-30 0:00:00;0.00;0.00;2008-12-11 0:00:00;2008-12-11 0:00:00;2008-12-10 0:00:00;2008-12-10 0:00:00;;0;0;999
42322;6246545;LA;0;1902431;Product 1902431;23000.00;KOM;2009-2-2 0:00:00;2009-2-2 0:00:00;0.00;0.00;2008-12-11 0:00:00;2008-12-11 0:00:00;2008-12-10 0:00:00;2008-12-10 0:00:00;;0;0;999
42323;6246546;LA;0;1903403;Product 1903403;4940.00;KOM;2009-2-2 0:00:00;2009-2-2 0:00:00;0.00;0.00;2008-12-11 0:00:00;2008-12-11 0:00:00;2008-12-10 0:00:00;2008-12-10 0:00:00;;0;0;999
42324;6246547;LA;0;1903446;Product 1903446;12675.00;KOM;2009-2-2 0:00:00;2009-2-2 0:00:00;0.00;0.00;2008-12-11 0:00:00;2008-12-11 0:00:00;2008-12-10 0:00:00;2008-12-10 0:00:00;;0;0;999
42325;6246537;LA;0;1903594;Product 1903594;10260.00;KOM;2009-2-2 0:00:00;2009-2-2 0:00:00;0.00;0.00;2008-12-11 0:00:00;2008-12-11 0:00:00;2008-12-10 0:00:00;2008-12-10 0:00:00;;0;0;999
42326;6246538;LA;0;1903683;Product 1903683;7870.00;KOM;2009-2-2 0:00:00;2009-2-2 0:00:00;0.00;0.00;2008-12-11 0:00:00;2008-12-11 0:00:00;2008-12-10 0:00:00;2008-12-10 0:00:00;;0;0;999
42327;6246548;LA;0;1903721;Product 1903721;17278.00;KOM;2009-2-2 0:00:00;2009-2-2 0:00:00;0.00;0.00;2008-12-11 0:00:00;2008-12-11 0:00:00;2008-12-10 0:00:00;2008-12-10 0:00:00;;0;0;999
42328;6246549;LA;0;1903730;Product 1903730;27600.00;KOM;2009-2-2 0:00:00;2009-2-2 0:00:00;0.00;0.00;2008-12-11 0:00:00;2008-12-11 0:00:00;2008-12-10 0:00:00;2008-12-10 0:00:00;;0;0;999
42329;6246550;LA;0;1903748;Product 1903748;35200.00;KOM;2009-2-2 0:00:00;2009-2-2 0:00:00;0.00;0.00;2008-12-11 0:00:00;2008-12-11 0:00:00;2008-12-10 0:00:00;2008-12-10 0:00:00;;0;0;999
42330;6246539;LA;0;1904388;Product 1904388;10050.00;KOM;2009-2-2 0:00:00;2009-2-2 0:00:00;0.00;0.00;2008-12-11 0:00:00;2008-12-11 0:00:00;2008-12-10 0:00:00;2008-12-10 0:00:00;;0;0;999
42167;100178372;PI01;1;10010032;Product 10010032;11800.00;KOM;2008-11-11 0:00:00;2008-11-11 0:00:00;12432.00;12432.00;2008-11-11 0:00:00;2008-11-11 0:00:00;2008-11-21 0:00:00;2008-11-21 0:00:00;OTP  NMAT KPTV ISP  POT  IZOD KRKN OPGN*;1;0;999
42168;100178376;PI01;1;10010349;Product 10010349;8064.00;KOM;2008-11-12 0:00:00;2008-11-12 0:00:00;8064.00;8064.00;2008-11-12 0:00:00;2008-11-12 0:00:00;2008-11-21 0:00:00;2008-11-21 0:00:00;OTP  KPTV ISP  POT  IZOD KRKN OPGN OSN *;1;0;999
42169;100178377;PI01;1;10010348;Product 10010348;8064.00;KOM;2008-11-12 0:00:00;2008-11-12 0:00:00;8014.00;8014.00;2008-11-12 0:00:00;2008-11-12 0:00:00;2008-11-25 0:00:00;2008-11-25 0:00:00;OTP  KPTV ISP  POT  IZOD KRKN OPGN OSN *;1;0;999
42170;100178380;PI01;1;10010033;Product 10010033;12200.00;KOM;2008-11-13 0:00:00;2008-11-13 0:00:00;12276.00;12276.00;2008-11-13 0:00:00;2008-11-13 0:00:00;2008-11-26 0:00:00;2008-11-26 0:00:00;OTP  NMAT KPTV ISP  POT  IZOD KRKN OPGN*;1;0;999
42171;100178381;PI01;1;1902571;Product 1902571;48800.00;KOM;2008-11-13 0:00:00;2008-11-13 0:00:00;50568.00;50568.00;2008-11-13 0:00:00;2008-11-13 0:00:00;2008-11-26 0:00:00;2008-11-26 0:00:00;OTP  NMAT KPTV ISP  POT  IZOD KRKN OPGN*;1;0;999
42172;100178398;PIPP;0;10010152;Product 10010152;1200.00;KOM;2008-11-17 0:00:00;2008-11-17 0:00:00;1200.00;1200.00;2008-11-17 0:00:00;2008-11-17 0:00:00;2008-11-18 0:00:00;2008-11-18 0:00:00;OTP  KPTV ISP  POT  KRKN OPGN OSN  POKR*;1;0;999
42173;100178399;PIPP;0;1902857;Product 1902857;1200.00;KOM;2008-11-17 0:00:00;2008-11-17 0:00:00;1200.00;1200.00;2008-11-17 0:00:00;2008-11-17 0:00:00;2008-11-18 0:00:00;2008-11-18 0:00:00;OTP  KPTV ISP  POT  KRKN OPGN OSN  POKR*;1;0;999
42174;100178402;PI01;1;10010355;Product 10010355;13150.00;KOM;2008-11-18 0:00:00;2008-11-18 0:00:00;12700.00;12700.00;2008-11-18 0:00:00;2008-11-18 0:00:00;2008-11-24 0:00:00;2008-11-24 0:00:00;OTP  NMAT KPTV ISP  POT  IZOD KRKN OPGN*;1;0;999
42175;100178409;PI01;1;1904388;Product 1904388;10050.00;KOM;2008-11-19 0:00:00;2008-11-19 0:00:00;10068.00;10068.00;2008-11-19 0:00:00;2008-11-19 0:00:00;2008-12-4 0:00:00;2008-12-4 0:00:00;OTP  NMAT KPTV ISP  POT  KRKN OPGN OSN *;1;0;999
42176;100178420;PI01;1;10010382;Product 10010382;1000.00;KOM;2008-11-20 0:00:00;2008-11-20 0:00:00;1020.00;1020.00;2008-11-20 0:00:00;2008-11-20 0:00:00;2008-11-26 0:00:00;2008-11-26 0:00:00;OTP  NMAT KPTV ISP  POT  IZOD KRKN OPGN*;1;0;999
42177;100178421;PI01;1;1902431;Product 1902431;22700.00;KOM;2008-11-20 0:00:00;2008-11-20 0:00:00;22872.00;22872.00;2008-11-20 0:00:00;2008-11-20 0:00:00;2008-12-1 0:00:00;2008-12-1 0:00:00;OTP  NMAT KPTV ISP  POT  KRKN OPGN OSN *;1;0;999
42178;100178422;PI01;1;10010083;Product 10010083;24400.00;KOM;2008-11-20 0:00:00;2008-11-20 0:00:00;24444.00;24444.00;2008-11-20 0:00:00;2008-11-20 0:00:00;2008-12-2 0:00:00;2008-12-2 0:00:00;OTP  NMAT KPTV ISP  POT  KRKN OPGN OSN *;1;0;999
42179;100178423;PI01;1;1903942;Product 1903942;2409.00;KOM;2008-11-20 0:00:00;2008-11-20 0:00:00;2436.00;2436.00;2008-11-20 0:00:00;2008-11-20 0:00:00;2008-12-2 0:00:00;2008-12-2 0:00:00;OTP  KPTV ISP  POT  KRKN OPGN OSN  POKR*;1;0;999
42180;100178424;PI01;1;1904108;Product 1904108;21931.00;KOM;2008-11-20 0:00:00;2008-11-20 0:00:00;22224.00;22224.00;2008-11-20 0:00:00;2008-11-20 0:00:00;2008-12-2 0:00:00;2008-12-2 0:00:00;OTP  NMAT KPTV ISP  POT  KRKN OPGN OSN *;1;0;999
42181;100178425;PI01;1;10009982;Product 10009982;13000.00;KOM;2008-11-20 0:00:00;2008-11-20 0:00:00;12912.00;12912.00;2008-11-20 0:00:00;2008-11-20 0:00:00;2008-12-2 0:00:00;2008-12-2 0:00:00;OTP  NMAT KPTV ISP  POT  KRKN OPGN OSN *;1;0;999
42182;100178429;PIPP;0;1904752;Product 1904752;3000.00;KOM;2008-11-21 0:00:00;2008-11-21 0:00:00;3000.00;3000.00;2008-11-21 0:00:00;2008-11-21 0:00:00;2008-11-26 0:00:00;2008-11-26 0:00:00;OTP  KPTV ISP  POT  KRKN OPGN OSN  POKR*;1;0;999
42183;100178447;PI01;1;10010352;Product 10010352;300.00;KOM;2008-11-25 0:00:00;2008-11-25 0:00:00;296.73;296.73;2008-11-25 0:00:00;2008-11-25 0:00:00;2008-12-4 0:00:00;2008-12-4 0:00:00;OTP  NMAT KPTV ISP  POT  KRKN OPGN OSN *;1;0;999
42184;100178451;PI01;1;10010340;Product 10010340;3204.00;KOM;2008-11-25 0:00:00;2008-11-25 0:00:00;3280.00;3280.00;2008-11-25 0:00:00;2008-11-25 0:00:00;2008-11-26 0:00:00;2008-11-26 0:00:00;OTP  NMAT KPTV ISP  POT  IZOD KRKN OPGN*;1;0;999
42185;100178452;PI01;1;10010061;Product 10010061;42120.00;KOM;2008-11-25 0:00:00;2008-11-25 0:00:00;41304.00;41304.00;2008-11-25 0:00:00;2008-11-25 0:00:00;2008-12-9 0:00:00;2008-12-9 0:00:00;OTP  NMAT KPTV ISP  POT  KRKN OPGN OSN *;1;0;999
42186;100178461;PI01;1;1903951;Product 1903951;11090.00;KOM;2008-11-26 0:00:00;2008-11-26 0:00:00;11880.00;11880.00;2008-11-26 0:00:00;2008-11-26 0:00:00;2008-12-4 0:00:00;2008-12-4 0:00:00;OTP  NMAT KPTV ISP  POT  KRKN OPGN OSN *;1;0;999
42187;100178462;PI01;1;1903152;Product 1903152;7840.00;KOM;2008-11-26 0:00:00;2008-11-26 0:00:00;7512.00;7512.00;2008-11-26 0:00:00;2008-11-26 0:00:00;2008-12-5 0:00:00;2008-12-5 0:00:00;OTP  NMAT KPTV ISP  POT  KRKN OPGN OSN *;1;0;999
42188;100178463;PI01;1;1903390;Product 1903390;4930.00;KOM;2008-11-26 0:00:00;2008-11-26 0:00:00;0.00;0.00;2008-11-26 0:00:00;2008-11-26 0:00:00;2008-12-5 0:00:00;2008-12-5 0:00:00;OTP  NMAT POT  OPGN OSN  POKR RMNP;0;0;999
42189;100178487;PI01;1;1904124;Product 1904124;11910.00;KOM;2008-12-1 0:00:00;2008-12-1 0:00:00;11472.00;11472.00;2008-12-1 0:00:00;2008-12-1 0:00:00;2008-12-4 0:00:00;2008-12-4 0:00:00;OTP  NMAT KPTV ISP  POT  KRKN OPGN OSN *;1;0;999
42190;100178488;PI01;1;1903934;Product 1903934;1000.00;KOM;2008-12-1 0:00:00;2008-12-1 0:00:00;1032.00;1032.00;2008-12-1 0:00:00;2008-12-1 0:00:00;2008-12-4 0:00:00;2008-12-4 0:00:00;OTP  NMAT KPTV ISP  POT  KRKN OPGN OSN *;1;0;999
42191;100178489;PI01;1;1904116;Product 1904116;10700.00;KOM;2008-12-1 0:00:00;2008-12-1 0:00:00;10308.00;10308.00;2008-12-1 0:00:00;2008-12-1 0:00:00;2008-12-4 0:00:00;2008-12-4 0:00:00;OTP  NMAT KPTV ISP  POT  KRKN OPGN OSN *;1;0;999
42192;100178490;PI01;1;1902725;Product 1902725;11700.00;KOM;2008-12-1 0:00:00;2008-12-1 0:00:00;11316.00;11316.00;2008-12-1 0:00:00;2008-12-1 0:00:00;2008-12-5 0:00:00;2008-12-5 0:00:00;OTP  NMAT KPTV ISP  POT  KRKN OPGN OSN *;1;0;999
42193;100178491;PI01;1;1903721;Product 1903721;17278.00;KOM;2008-12-1 0:00:00;2008-12-1 0:00:00;17220.00;17220.00;2008-12-1 0:00:00;2008-12-1 0:00:00;2008-12-8 0:00:00;2008-12-8 0:00:00;OTP  NMAT KPTV ISP  POT  KRKN OPGN OSN *;1;0;999
42194;100178492;PI01;1;10010035;Product 10010035;3000.00;KOM;2008-12-1 0:00:00;2008-12-1 0:00:00;2988.00;2988.00;2008-12-1 0:00:00;2008-12-1 0:00:00;2008-12-9 0:00:00;2008-12-9 0:00:00;OTP  KPTV ISP  POT  KRKN OPGN OSN  POKR*;1;0;999
42195;100178493;PI01;1;1903730;Product 1903730;15400.00;KOM;2008-12-1 0:00:00;2008-12-1 0:00:00;15420.00;15420.00;2008-12-1 0:00:00;2008-12-1 0:00:00;2008-12-9 0:00:00;2008-12-9 0:00:00;OTP  NMAT KPTV ISP  POT  KRKN OPGN OSN *;1;0;999
42196;100178494;PI01;1;1903748;Product 1903748;17600.00;KOM;2008-12-1 0:00:00;2008-12-1 0:00:00;17808.00;17808.00;2008-12-1 0:00:00;2008-12-1 0:00:00;2008-12-10 0:00:00;2008-12-10 0:00:00;OTP  NMAT KPTV ISP  POT  KRKN OPGN OSN *;1;0;999
42197;100178495;PI01;1;1903136;Product 1903136;4260.00;KOM;2008-12-1 0:00:00;2008-12-1 0:00:00;0.00;0.00;2008-12-1 0:00:00;2008-12-1 0:00:00;2008-12-10 0:00:00;2008-12-10 0:00:00;OTP  NMAT POT  OPGN OSN  POKR;0;0;999
42198;100178496;PI01;1;1903683;Product 1903683;7870.00;KOM;2008-12-1 0:00:00;2008-12-1 0:00:00;7866.00;7866.00;2008-12-1 0:00:00;2008-12-1 0:00:00;2008-12-4 0:00:00;2008-12-4 0:00:00;OTP  NMAT KPTV ISP  POT  KRKN OPGN OSN *;1;0;999
42129;6177979;LA;0;1902334;Product 1902334;7986.00;KOM;2007-5-2 0:00:00;2007-5-2 0:00:00;0.00;0.00;2008-12-15 0:00:00;2008-12-15 0:00:00;;;;0;0;999
42130;6212997;LA;0;10009997;Product 10009997;26790.00;KOM;2008-3-3 0:00:00;2008-3-3 0:00:00;0.00;0.00;2008-12-15 0:00:00;2008-12-15 0:00:00;;;;0;0;999
42131;6214588;LA;0;10010037;Product 10010037;12675.00;KOM;2008-10-1 0:00:00;2008-10-1 0:00:00;0.00;0.00;2008-12-15 0:00:00;2008-12-15 0:00:00;;;;0;0;999
42132;100178221;PI01;1;1903616;Product 1903616;10200.00;KOM;2008-10-14 0:00:00;2008-10-14 0:00:00;10404.00;10404.00;2008-10-14 0:00:00;2008-10-14 0:00:00;2008-10-22 0:00:00;2008-11-10 0:00:00;OTP  NMAT KPTV ISP  POT  ANRE IZOD KRKN*;1;0;999
42133;100178282;PI01;1;10010240;Product 10010240;40140.00;KOM;2008-10-23 0:00:00;2008-10-31 0:00:00;40848.00;40848.00;2008-10-23 0:00:00;2008-10-23 0:00:00;2008-11-5 0:00:00;2008-11-5 0:00:00;OTP  NMAT KPTV ISP  POT  IZOD KRKN OPGN*;1;0;999
42134;100178285;PI01;1;1903675;Product 1903675;25850.00;KOM;2008-10-23 0:00:00;2008-10-23 0:00:00;0.00;0.00;2008-10-23 0:00:00;2008-10-23 0:00:00;2008-11-5 0:00:00;2008-11-5 0:00:00;OTP  NMAT POT  OPGN OSN  POKR RMNP;0;0;999
42135;100178286;PI01;1;1903659;Product 1903659;25550.00;KOM;2008-10-23 0:00:00;2008-10-23 0:00:00;0.00;0.00;2008-10-23 0:00:00;2008-10-23 0:00:00;2008-11-5 0:00:00;2008-11-5 0:00:00;OTP  NMAT POT  OPGN OSN  POKR RMNP;0;0;999
42136;100178327;PI01;1;1903942;Product 1903942;24340.00;KOM;2008-10-30 0:00:00;2008-10-30 0:00:00;24648.00;24648.00;2008-10-30 0:00:00;2008-10-30 0:00:00;2008-11-4 0:00:00;2008-11-4 0:00:00;OTP  NMAT KPTV ISP  POT  IZOD KRKN OPGN*;1;0;999
42137;100178328;PI01;1;1903934;Product 1903934;23400.00;KOM;2008-10-30 0:00:00;2008-10-30 0:00:00;23460.00;23460.00;2008-10-30 0:00:00;2008-10-30 0:00:00;2008-11-10 0:00:00;2008-11-10 0:00:00;OTP  NMAT KPTV ISP  POT  IZOD KRKN OPGN*;1;0;999
42138;100178329;PI01;1;1903748;Product 1903748;26400.00;KOM;2008-10-30 0:00:00;2008-10-30 0:00:00;26400.00;26400.00;2008-10-30 0:00:00;2008-10-30 0:00:00;2008-11-18 0:00:00;2008-11-18 0:00:00;OTP  NMAT KPTV ISP  POT  IZOD KRKN OPGN*;1;0;999
42139;100178330;PI01;1;10010064;Product 10010064;40400.00;KOM;2008-10-30 0:00:00;2008-10-30 0:00:00;40728.00;40728.00;2008-10-30 0:00:00;2008-10-30 0:00:00;2008-11-11 0:00:00;2008-11-11 0:00:00;OTP  NMAT KPTV ISP  POT  IZOD KRKN OPGN*;1;0;999
42140;100178331;PI01;1;10010061;Product 10010061;42120.00;KOM;2008-10-30 0:00:00;2008-10-30 0:00:00;42384.00;42384.00;2008-10-30 0:00:00;2008-10-30 0:00:00;2008-11-17 0:00:00;2008-11-17 0:00:00;OTP  NMAT KPTV ISP  POT  IZOD KRKN OPGN*;1;0;999
42141;100178332;PI01;1;1903187;Product 1903187;4800.00;KOM;2008-10-30 0:00:00;2008-10-30 0:00:00;4980.00;4980.00;2008-10-30 0:00:00;2008-10-30 0:00:00;2008-11-11 0:00:00;2008-11-11 0:00:00;OTP  NMAT KPTV ISP  POT  IZOD KRKN OPGN*;1;0;999
42142;100178333;PI01;1;1903586;Product 1903586;23400.00;KOM;2008-10-30 0:00:00;2008-10-30 0:00:00;23961.00;23961.00;2008-10-30 0:00:00;2008-10-30 0:00:00;2008-11-5 0:00:00;2008-11-12 0:00:00;OTP  NMAT KPTV ISP  POT  IZOD KRKN OPGN*;1;0;999
42143;100178334;PI01;1;1904744;Product 1904744;27500.00;KOM;2008-10-30 0:00:00;2008-10-30 0:00:00;27624.00;27624.00;2008-10-30 0:00:00;2008-10-30 0:00:00;2008-11-26 0:00:00;2008-11-26 0:00:00;OTP  NMAT KPTV ISP  POT  IZOD KRKN OPGN*;1;0;999
42144;100178335;PI01;1;10010302;Product 10010302;26640.00;KOM;2008-10-31 0:00:00;2008-10-31 0:00:00;24984.00;24984.00;2008-10-31 0:00:00;2008-10-31 0:00:00;2008-11-13 0:00:00;2008-11-13 0:00:00;OTP  NMAT KPTV ISP  POT  IZOD KRKN OPGN*;1;0;999
42145;100178338;PI01;1;10009997;Product 10009997;20400.00;KOM;2008-10-31 0:00:00;2008-10-31 0:00:00;20040.00;20040.00;2008-10-31 0:00:00;2008-10-31 0:00:00;2008-11-18 0:00:00;2008-11-18 0:00:00;OTP  KPTV ISP  POT  IZOD KRKN OPGN OSN *;1;0;999
42146;6214855;LA;0;1903594;Product 1903594;5130.00;KOM;2008-11-3 0:00:00;2008-11-3 0:00:00;0.00;0.00;2008-10-31 0:00:00;2008-10-31 0:00:00;2008-11-18 0:00:00;2008-11-18 0:00:00;;0;0;999
42331;6246551;LA;0;10010083;Product 10010083;24430.00;KOM;2009-2-2 0:00:00;2009-2-2 0:00:00;0.00;0.00;2008-12-11 0:00:00;2008-12-11 0:00:00;2008-12-10 0:00:00;2008-12-10 0:00:00;;0;0;999
42332;6246552;LA;0;10010152;Product 10010152;23400.00;KOM;2009-2-2 0:00:00;2009-2-2 0:00:00;0.00;0.00;2008-12-11 0:00:00;2008-12-11 0:00:00;2008-12-10 0:00:00;2008-12-10 0:00:00;;0;0;999
42333;6246540;LA;0;10010357;Product 10010357;13000.00;KOM;2009-2-2 0:00:00;2009-2-2 0:00:00;0.00;0.00;2008-12-11 0:00:00;2008-12-11 0:00:00;2008-12-10 0:00:00;2008-12-10 0:00:00;;0;0;999
42334;6178015;LA;0;80006705;Product 80006705;1000.00;KG;2007-5-2 0:00:00;2007-5-2 0:00:00;0.00;0.00;2008-12-11 0:00:00;2008-12-11 0:00:00;2008-12-10 0:00:00;2008-12-10 0:00:00;;0;0;999
42335;6211603;LA;0;80006705;Product 80006705;1000.00;KG;2008-2-6 0:00:00;2008-2-6 0:00:00;0.00;0.00;2008-12-11 0:00:00;2008-12-11 0:00:00;2008-12-10 0:00:00;2008-12-10 0:00:00;;0;0;999
42336;6211095;LA;0;80006714;Product 80006714;258.00;KG;2008-3-3 0:00:00;2008-3-3 0:00:00;0.00;0.00;2008-12-11 0:00:00;2008-12-11 0:00:00;2008-12-10 0:00:00;2008-12-10 0:00:00;;0;0;999
42337;6211082;LA;0;80006791;Product 80006791;4800.00;KG;2008-3-3 0:00:00;2008-3-3 0:00:00;0.00;0.00;2008-12-11 0:00:00;2008-12-11 0:00:00;2008-12-10 0:00:00;2008-12-10 0:00:00;;0;0;999
42338;6212699;LA;0;895163;Product 895163;100.00;KG;2008-6-2 0:00:00;2008-6-2 0:00:00;0.00;0.00;2008-12-11 0:00:00;2008-12-11 0:00:00;2008-12-10 0:00:00;2008-12-10 0:00:00;;0;0;999
42339;6212700;LA;0;80006707;Product 80006707;150.00;KG;2008-6-2 0:00:00;2008-6-2 0:00:00;0.00;0.00;2008-12-11 0:00:00;2008-12-11 0:00:00;2008-12-10 0:00:00;2008-12-10 0:00:00;;0;0;999
42340;100177492;PI01;1;895104;Product 895104;2400.00;KG;2008-6-26 0:00:00;2008-6-30 0:00:00;2365.00;2365.00;2008-6-26 0:00:00;2008-6-26 0:00:00;2008-7-11 0:00:00;2008-7-11 0:00:00;OTP  KPTV ISP  POT  IZOD KRKN OPGN OSN *;1;0;999
42341;6214142;LA;0;895047;Product 895047;100.00;KG;2008-9-1 0:00:00;2008-9-1 0:00:00;0.00;0.00;2008-6-26 0:00:00;2008-6-26 0:00:00;2008-7-11 0:00:00;2008-7-11 0:00:00;;0;0;999
42342;6214146;LA;0;895027;Product 895027;300.00;KG;2008-9-1 0:00:00;2008-9-1 0:00:00;0.00;0.00;2008-6-26 0:00:00;2008-6-26 0:00:00;2008-7-11 0:00:00;2008-7-11 0:00:00;;0;0;999
42343;6214150;LA;0;895048;Product 895048;100.00;KG;2008-9-1 0:00:00;2008-9-1 0:00:00;0.00;0.00;2008-6-26 0:00:00;2008-6-26 0:00:00;2008-7-11 0:00:00;2008-7-11 0:00:00;;0;0;999
42344;6214143;LA;0;80006707;Product 80006707;100.00;KG;2008-9-1 0:00:00;2008-9-1 0:00:00;0.00;0.00;2008-6-26 0:00:00;2008-6-26 0:00:00;2008-7-11 0:00:00;2008-7-11 0:00:00;;0;0;999
42345;6214632;LA;0;855792;Product 855792;1200.00;KG;2008-10-1 0:00:00;2008-10-1 0:00:00;0.00;0.00;2008-6-26 0:00:00;2008-6-26 0:00:00;2008-7-11 0:00:00;2008-7-11 0:00:00;;0;0;999
42346;6214327;LA;0;895025;Product 895025;100.00;KG;2008-10-1 0:00:00;2008-10-1 0:00:00;0.00;0.00;2008-6-26 0:00:00;2008-6-26 0:00:00;2008-7-11 0:00:00;2008-7-11 0:00:00;;0;0;999
42347;100178277;PI01;1;855998;Product 855998;500.00;KG;2008-10-23 0:00:00;2008-10-31 0:00:00;499.00;499.00;2008-10-23 0:00:00;2008-10-23 0:00:00;2008-11-5 0:00:00;2008-11-5 0:00:00;OTP  NMAT KPTV ISP  POT  IZOD KRKN OPGN*;1;0;999
42348;100178310;PI01;1;895117;Product 895117;2400.00;KG;2008-10-30 0:00:00;2008-10-30 0:00:00;2370.00;2370.00;2008-10-30 0:00:00;2008-10-30 0:00:00;2008-11-4 0:00:00;2008-11-4 0:00:00;OTP  NMAT KPTV ISP  POT  IZOD KRKN OPGN*;1;0;999
42349;100178321;PI01;1;895116;Product 895116;2400.00;KG;2008-10-30 0:00:00;2008-10-30 0:00:00;2365.00;2365.00;2008-10-30 0:00:00;2008-10-30 0:00:00;2008-11-4 0:00:00;2008-11-4 0:00:00;OTP  NMAT KPTV ISP  POT  IZOD KRKN OPGN*;1;0;999
42350;100178322;PI01;1;895110;Product 895110;6000.00;KG;2008-10-30 0:00:00;2008-10-30 0:00:00;5975.00;5975.00;2008-10-30 0:00:00;2008-10-30 0:00:00;2008-11-7 0:00:00;2008-11-7 0:00:00;OTP  NMAT KPTV ISP  POT  IZOD KRKN OPGN*;1;0;999
42351;100178323;PI01;1;855788;Product 855788;10800.00;KG;2008-10-30 0:00:00;2008-10-30 0:00:00;10745.00;10745.00;2008-10-30 0:00:00;2008-10-30 0:00:00;2008-11-13 0:00:00;2008-11-13 0:00:00;OTP  NMAT KPTV ISP  POT  IZOD KRKN OPGN*;1;0;999
42352;100178324;PI01;1;895027;Product 895027;100.00;KG;2008-10-30 0:00:00;2008-10-30 0:00:00;99.00;99.00;2008-10-30 0:00:00;2008-10-30 0:00:00;2008-11-4 0:00:00;2008-11-4 0:00:00;OTP  KPTV ISP  POT  IZOD KRKN OPGN OSN *;1;0;999
42353;100178325;PI01;1;895025;Product 895025;200.00;KG;2008-10-30 0:00:00;2008-10-30 0:00:00;198.00;198.00;2008-10-30 0:00:00;2008-10-30 0:00:00;2008-11-5 0:00:00;2008-11-5 0:00:00;OTP  KPTV ISP  POT  IZOD KRKN OPGN OSN *;1;0;999
42354;100178326;PI01;1;895106;Product 895106;800.00;KG;2008-10-30 0:00:00;2008-10-30 0:00:00;797.00;797.00;2008-10-30 0:00:00;2008-10-30 0:00:00;2008-11-7 0:00:00;2008-11-7 0:00:00;OTP  NMAT KPTV ISP  POT  IZOD KRKN OPGN*;1;0;999
42355;100178336;PI01;1;80006843;Product 80006843;3600.00;KG;2008-10-31 0:00:00;2008-10-31 0:00:00;3565.00;3565.00;2008-10-31 0:00:00;2008-10-31 0:00:00;2008-11-12 0:00:00;2008-11-12 0:00:00;OTP  NMAT KPTV ISP  POT  IZOD KRKN OPGN*;1;0;999
42356;100178337;PI01;1;80006714;Product 80006714;200.00;KG;2008-10-31 0:00:00;2008-10-31 0:00:00;196.00;196.00;2008-10-31 0:00:00;2008-10-31 0:00:00;2008-11-12 0:00:00;2008-11-12 0:00:00;OTP  NMAT KPTV ISP  POT  IZOD KRKN OPGN*;1;0;999
42357;6214873;LA;0;855714;Product 855714;2400.00;KG;2008-11-3 0:00:00;2008-11-3 0:00:00;0.00;0.00;2008-10-31 0:00:00;2008-10-31 0:00:00;2008-11-12 0:00:00;2008-11-12 0:00:00;;0;0;999
42358;6214838;LA;0;895026;Product 895026;100.00;KG;2008-11-3 0:00:00;2008-11-3 0:00:00;0.00;0.00;2008-10-31 0:00:00;2008-10-31 0:00:00;2008-11-12 0:00:00;2008-11-12 0:00:00;;0;0;999
42359;6214899;LA;0;895139;Product 895139;2400.00;KG;2008-11-3 0:00:00;2008-11-3 0:00:00;0.00;0.00;2008-10-31 0:00:00;2008-10-31 0:00:00;2008-11-12 0:00:00;2008-11-12 0:00:00;;0;0;999
42360;6214886;LA;0;80006737;Product 80006737;8400.00;KG;2008-11-3 0:00:00;2008-11-3 0:00:00;0.00;0.00;2008-10-31 0:00:00;2008-10-31 0:00:00;2008-11-12 0:00:00;2008-11-12 0:00:00;;0;0;999
42361;6214902;LA;0;80006790;Product 80006790;2400.00;KG;2008-11-3 0:00:00;2008-11-3 0:00:00;0.00;0.00;2008-10-31 0:00:00;2008-10-31 0:00:00;2008-11-12 0:00:00;2008-11-12 0:00:00;;0;0;999
42362;6214829;LA;0;80006791;Product 80006791;2400.00;KG;2008-11-3 0:00:00;2008-11-3 0:00:00;0.00;0.00;2008-10-31 0:00:00;2008-10-31 0:00:00;2008-11-12 0:00:00;2008-11-12 0:00:00;;0;0;999
42363;6214887;LA;0;80006811;Product 80006811;100.00;KG;2008-11-3 0:00:00;2008-11-3 0:00:00;0.00;0.00;2008-10-31 0:00:00;2008-10-31 0:00:00;2008-11-12 0:00:00;2008-11-12 0:00:00;;0;0;999
42364;6214888;LA;0;80006843;Product 80006843;3600.00;KG;2008-11-3 0:00:00;2008-11-3 0:00:00;0.00;0.00;2008-10-31 0:00:00;2008-10-31 0:00:00;2008-11-12 0:00:00;2008-11-12 0:00:00;;0;0;999
42365;6214889;LA;0;80006860;Product 80006860;100.00;KG;2008-11-3 0:00:00;2008-11-3 0:00:00;0.00;0.00;2008-10-31 0:00:00;2008-10-31 0:00:00;2008-11-12 0:00:00;2008-11-12 0:00:00;;0;0;999
42366;6214890;LA;0;80006861;Product 80006861;100.00;KG;2008-11-3 0:00:00;2008-11-3 0:00:00;0.00;0.00;2008-10-31 0:00:00;2008-10-31 0:00:00;2008-11-12 0:00:00;2008-11-12 0:00:00;;0;0;999
42367;6214891;LA;0;80006862;Product 80006862;100.00;KG;2008-11-3 0:00:00;2008-11-3 0:00:00;0.00;0.00;2008-10-31 0:00:00;2008-10-31 0:00:00;2008-11-12 0:00:00;2008-11-12 0:00:00;;0;0;999
42368;6214892;LA;0;80006863;Product 80006863;100.00;KG;2008-11-3 0:00:00;2008-11-3 0:00:00;0.00;0.00;2008-10-31 0:00:00;2008-10-31 0:00:00;2008-11-12 0:00:00;2008-11-12 0:00:00;;0;0;999
42369;100178357;PI01;1;80006704;Product 80006704;2500.00;KG;2008-11-6 0:00:00;2008-11-14 0:00:00;2475.00;2475.00;2008-11-6 0:00:00;2008-11-6 0:00:00;2008-11-19 0:00:00;2008-11-19 0:00:00;OTP  NMAT KPTV ISP  POT  IZOD KRKN OPGN*;1;0;999
42370;100178358;PI01;1;895026;Product 895026;100.00;KG;2008-11-6 0:00:00;2008-11-14 0:00:00;99.00;99.00;2008-11-6 0:00:00;2008-11-6 0:00:00;2008-11-12 0:00:00;2008-11-12 0:00:00;OTP  KPTV ISP  POT  IZOD KRKN OPGN OSN *;1;0;999
42371;100178382;PI01;1;855786;Product 855786;6000.00;KG;2008-11-13 0:00:00;2008-11-13 0:00:00;5960.00;5960.00;2008-11-13 0:00:00;2008-11-13 0:00:00;2008-11-24 0:00:00;2008-11-24 0:00:00;OTP  KPTV ISP  POT  IZOD KRKN OPGN OSN *;1;0;999
42372;100178383;PI01;1;80006753;Product 80006753;2400.00;KG;2008-11-13 0:00:00;2008-11-13 0:00:00;2365.00;2365.00;2008-11-13 0:00:00;2008-11-13 0:00:00;2008-11-26 0:00:00;2008-11-26 0:00:00;OTP  KPTV ISP  POT  IZOD KRKN OPGN OSN *;1;0;999
42373;100178394;PI01;1;80006864;Product 80006864;1000.00;KG;2008-11-14 0:00:00;2008-11-14 0:00:00;970.00;970.00;2008-11-14 0:00:00;2008-11-14 0:00:00;2008-11-19 0:00:00;2008-11-19 0:00:00;OTP  NMAT KPTV ISP  POT  IZOD KRKN OPGN*;1;0;999
42374;100178407;PI01;1;895085;Product 895085;2400.00;KG;2008-11-19 0:00:00;2008-11-19 0:00:00;2365.00;2365.00;2008-11-19 0:00:00;2008-11-19 0:00:00;2008-11-24 0:00:00;2008-11-24 0:00:00;OTP  KPTV ISP  POT  IZOD KRKN OPGN OSN *;1;0;999
42375;100178408;PI01;1;855150;Product 855150;700.00;KG;2008-11-19 0:00:00;2008-11-19 0:00:00;700.00;700.00;2008-11-19 0:00:00;2008-11-19 0:00:00;2008-12-1 0:00:00;2008-12-1 0:00:00;OTP  KPTV ISP  POT  KRKN OPGN OSN  POKR*;1;0;999
42376;100178416;PI01;1;895109;Product 895109;1000.00;KG;2008-11-20 0:00:00;2008-11-20 0:00:00;985.00;985.00;2008-11-20 0:00:00;2008-11-20 0:00:00;2008-11-25 0:00:00;2008-11-25 0:00:00;OTP  KPTV ISP  POT  IZOD KRKN OPGN OSN *;1;0;999
42377;100178417;PI01;1;895117;Product 895117;2400.00;KG;2008-11-20 0:00:00;2008-11-20 0:00:00;2370.00;2370.00;2008-11-20 0:00:00;2008-11-20 0:00:00;2008-12-1 0:00:00;2008-12-1 0:00:00;OTP  KPTV ISP  POT  KRKN OPGN OSN  POKR*;1;0;999
42378;100178418;PI01;1;855042;Product 855042;398.87;KG;2008-11-20 0:00:00;2008-11-20 0:00:00;396.00;396.00;2008-11-20 0:00:00;2008-11-20 0:00:00;2008-11-25 0:00:00;2008-11-25 0:00:00;OTP  NMAT KPTV ISP  POT  IZOD KRKN OPGN*;1;0;999
42379;100178419;PI01;1;855025;Product 855025;250.00;KG;2008-11-20 0:00:00;2008-11-20 0:00:00;246.00;246.00;2008-11-20 0:00:00;2008-11-20 0:00:00;2008-12-1 0:00:00;2008-12-1 0:00:00;OTP  NMAT KPTV ISP  POT  KRKN OPGN OSN *;1;0;999
42380;100178430;PI01;1;895118;Product 895118;2400.00;KG;2008-11-21 0:00:00;2008-11-21 0:00:00;2365.00;2365.00;2008-11-21 0:00:00;2008-11-21 0:00:00;2008-12-2 0:00:00;2008-12-2 0:00:00;OTP  KPTV ISP  POT  KRKN OPGN OSN  POKR*;1;0;999
42381;100178431;PI01;1;895027;Product 895027;100.00;KG;2008-11-21 0:00:00;2008-11-21 0:00:00;99.00;99.00;2008-11-21 0:00:00;2008-11-21 0:00:00;2008-11-26 0:00:00;2008-11-26 0:00:00;OTP  KPTV ISP  POT  IZOD KRKN OPGN OSN *;1;0;999
42382;100178448;PI01;1;855093;Product 855093;306.00;KG;2008-11-25 0:00:00;2008-11-25 0:00:00;299.00;299.00;2008-11-25 0:00:00;2008-11-25 0:00:00;2008-12-4 0:00:00;2008-12-4 0:00:00;OTP  NMAT KPTV ISP  POT  KRKN OPGN OSN *;1;0;999
42383;100178450;PI01;1;855090;Product 855090;1000.00;KG;2008-11-25 0:00:00;2008-11-25 0:00:00;997.00;997.00;2008-11-25 0:00:00;2008-11-25 0:00:00;2008-12-1 0:00:00;2008-12-1 0:00:00;OTP  KPTV ISP  POT  KRKN OPGN OSN  POKR*;1;0;999
42384;100178458;PI01;1;855457;Product 855457;500.00;KG;2008-11-26 0:00:00;2008-11-26 0:00:00;496.00;496.00;2008-11-26 0:00:00;2008-11-26 0:00:00;2008-12-1 0:00:00;2008-12-1 0:00:00;OTP  KPTV ISP  POT  KRKN OPGN OSN  POKR*;1;0;999
42385;100178459;PI01;1;855456;Product 855456;1000.00;KG;2008-11-26 0:00:00;2008-11-26 0:00:00;994.00;994.00;2008-11-26 0:00:00;2008-11-26 0:00:00;2008-12-1 0:00:00;2008-12-1 0:00:00;OTP  NMAT KPTV ISP  POT  KRKN OPGN OSN *;1;0;999
42386;100178460;PI01;1;895027;Product 895027;200.00;KG;2008-11-26 0:00:00;2008-11-26 0:00:00;199.00;199.00;2008-11-26 0:00:00;2008-11-26 0:00:00;2008-12-1 0:00:00;2008-12-1 0:00:00;OTP  NMAT KPTV ISP  POT  KRKN OPGN OSN *;1;0;999
42387;100178477;PI01;1;895116;Product 895116;1200.00;KG;2008-12-1 0:00:00;2008-12-1 0:00:00;1165.00;1165.00;2008-12-1 0:00:00;2008-12-1 0:00:00;2008-12-3 0:00:00;2008-12-3 0:00:00;OTP  KPTV ISP  POT  KRKN OPGN OSN  POKR*;1;0;999
42388;100178478;PI01;1;855787;Product 855787;1200.00;KG;2008-12-1 0:00:00;2008-12-1 0:00:00;1165.00;1165.00;2008-12-1 0:00:00;2008-12-1 0:00:00;2008-12-3 0:00:00;2008-12-3 0:00:00;OTP  NMAT KPTV ISP  POT  KRKN OPGN OSN *;1;0;999
42389;100178479;PI01;1;895027;Product 895027;100.00;KG;2008-12-1 0:00:00;2008-12-1 0:00:00;99.00;99.00;2008-12-1 0:00:00;2008-12-1 0:00:00;2008-12-4 0:00:00;2008-12-4 0:00:00;OTP  NMAT KPTV ISP  POT  KRKN OPGN OSN *;1;0;999
42390;100178480;PI01;1;895085;Product 895085;2400.00;KG;2008-12-1 0:00:00;2008-12-1 0:00:00;2365.00;2365.00;2008-12-1 0:00:00;2008-12-1 0:00:00;2008-12-4 0:00:00;2008-12-4 0:00:00;OTP  KPTV ISP  POT  KRKN OPGN OSN  POKR*;1;0;999
42391;100178481;PI01;1;855786;Product 855786;2400.00;KG;2008-12-1 0:00:00;2008-12-1 0:00:00;2370.00;2370.00;2008-12-1 0:00:00;2008-12-1 0:00:00;2008-12-4 0:00:00;2008-12-4 0:00:00;OTP  KPTV ISP  POT  KRKN OPGN OSN  POKR*;1;0;999
42392;100178482;PI01;1;855788;Product 855788;8400.00;KG;2008-12-1 0:00:00;2008-12-1 0:00:00;8360.00;8360.00;2008-12-1 0:00:00;2008-12-1 0:00:00;2008-12-5 0:00:00;2008-12-5 0:00:00;OTP  NMAT KPTV ISP  POT  KRKN OPGN OSN *;1;0;999
42393;100178483;PI01;1;895149;Product 895149;100.00;KG;2008-12-1 0:00:00;2008-12-1 0:00:00;99.00;99.00;2008-12-1 0:00:00;2008-12-1 0:00:00;2008-12-4 0:00:00;2008-12-4 0:00:00;OTP  NMAT KPTV ISP  POT  KRKN OPGN OSN *;1;0;999
42394;100178484;PI01;1;895080;Product 895080;100.00;KG;2008-12-1 0:00:00;2008-12-1 0:00:00;99.00;99.00;2008-12-1 0:00:00;2008-12-1 0:00:00;2008-12-3 0:00:00;2008-12-3 0:00:00;OTP  KPTV ISP  POT  KRKN OPGN OSN  POKR*;1;0;999
42395;100178485;PI01;1;895148;Product 895148;100.00;KG;2008-12-1 0:00:00;2008-12-1 0:00:00;99.00;99.00;2008-12-1 0:00:00;2008-12-1 0:00:00;2008-12-4 0:00:00;2008-12-4 0:00:00;OTP  NMAT KPTV ISP  POT  KRKN OPGN OSN *;1;0;999
42396;100178486;PI01;1;895086;Product 895086;100.00;KG;2008-12-1 0:00:00;2008-12-1 0:00:00;99.00;99.00;2008-12-1 0:00:00;2008-12-1 0:00:00;2008-12-4 0:00:00;2008-12-4 0:00:00;OTP  NMAT KPTV ISP  POT  KRKN OPGN OSN *;1;0;999
42397;100178498;PI01;1;80006741;Product 80006741;20430.00;KOM;2008-12-1 0:00:00;2008-12-1 0:00:00;21184.00;21184.00;2008-12-1 0:00:00;2008-12-1 0:00:00;2008-12-11 0:00:00;2008-12-11 0:00:00;OTP  NMAT KPTV ISP  POT  KRKN OPGN OSN *;1;0;999
42398;100178499;PI01;1;80006740;Product 80006740;20550.00;KOM;2008-12-1 0:00:00;2008-12-1 0:00:00;20688.00;20688.00;2008-12-1 0:00:00;2008-12-1 0:00:00;2008-12-11 0:00:00;2008-12-11 0:00:00;OTP  NMAT KPTV ISP  POT  KRKN OPGN OSN *;1;0;999
42399;100178500;PI01;1;80006742;Product 80006742;20640.00;KOM;2008-12-1 0:00:00;2008-12-1 0:00:00;20884.00;20884.00;2008-12-1 0:00:00;2008-12-1 0:00:00;2008-12-11 0:00:00;2008-12-11 0:00:00;OTP  NMAT KPTV ISP  POT  KRKN OPGN OSN *;1;0;999
42400;100178501;PI01;1;80006743;Product 80006743;19800.00;KOM;2008-12-1 0:00:00;2008-12-1 0:00:00;19884.00;19884.00;2008-12-1 0:00:00;2008-12-1 0:00:00;2008-12-11 0:00:00;2008-12-11 0:00:00;OTP  NMAT KPTV ISP  POT  KRKN OPGN OSN *;1;0;999
42401;6215222;LA;0;855150;Product 855150;700.00;KG;2008-12-1 0:00:00;2008-12-1 0:00:00;0.00;0.00;2008-12-1 0:00:00;2008-12-1 0:00:00;2008-12-11 0:00:00;2008-12-11 0:00:00;;0;0;999
42402;6215223;LA;0;855456;Product 855456;1000.00;KG;2008-12-1 0:00:00;2008-12-1 0:00:00;0.00;0.00;2008-12-1 0:00:00;2008-12-1 0:00:00;2008-12-11 0:00:00;2008-12-11 0:00:00;;0;0;999
42403;6215226;LA;0;855715;Product 855715;1000.00;KG;2008-12-1 0:00:00;2008-12-1 0:00:00;0.00;0.00;2008-12-1 0:00:00;2008-12-1 0:00:00;2008-12-11 0:00:00;2008-12-11 0:00:00;;0;0;999
42404;6215227;LA;0;855733;Product 855733;800.00;KG;2008-12-1 0:00:00;2008-12-1 0:00:00;0.00;0.00;2008-12-1 0:00:00;2008-12-1 0:00:00;2008-12-11 0:00:00;2008-12-11 0:00:00;;0;0;999
42405;6215249;LA;0;855786;Product 855786;6000.00;KG;2008-12-1 0:00:00;2008-12-1 0:00:00;0.00;0.00;2008-12-1 0:00:00;2008-12-1 0:00:00;2008-12-11 0:00:00;2008-12-11 0:00:00;;0;0;999
42406;6215250;LA;0;855788;Product 855788;3600.00;KG;2008-12-1 0:00:00;2008-12-1 0:00:00;0.00;0.00;2008-12-1 0:00:00;2008-12-1 0:00:00;2008-12-11 0:00:00;2008-12-11 0:00:00;;0;0;999
42407;6246411;LA;0;855787;Product 855787;1200.00;KG;2008-12-1 0:00:00;2008-12-1 0:00:00;0.00;0.00;2008-12-1 0:00:00;2008-12-1 0:00:00;2008-12-11 0:00:00;2008-12-11 0:00:00;;0;0;999
42408;6215251;LA;0;855792;Product 855792;2400.00;KG;2008-12-1 0:00:00;2008-12-1 0:00:00;0.00;0.00;2008-12-1 0:00:00;2008-12-1 0:00:00;2008-12-11 0:00:00;2008-12-11 0:00:00;;0;0;999
42409;6215228;LA;0;855998;Product 855998;500.00;KG;2008-12-1 0:00:00;2008-12-1 0:00:00;0.00;0.00;2008-12-1 0:00:00;2008-12-1 0:00:00;2008-12-11 0:00:00;2008-12-11 0:00:00;;0;0;999
42410;6215193;LA;0;895048;Product 895048;200.00;KG;2008-12-1 0:00:00;2008-12-1 0:00:00;0.00;0.00;2008-12-1 0:00:00;2008-12-1 0:00:00;2008-12-11 0:00:00;2008-12-11 0:00:00;;0;0;999
42411;6215190;LA;0;895080;Product 895080;200.00;KG;2008-12-1 0:00:00;2008-12-1 0:00:00;0.00;0.00;2008-12-1 0:00:00;2008-12-1 0:00:00;2008-12-11 0:00:00;2008-12-11 0:00:00;;0;0;999
42412;6215192;LA;0;895081;Product 895081;100.00;KG;2008-12-1 0:00:00;2008-12-1 0:00:00;0.00;0.00;2008-12-1 0:00:00;2008-12-1 0:00:00;2008-12-11 0:00:00;2008-12-11 0:00:00;;0;0;999
42413;6215253;LA;0;895104;Product 895104;2400.00;KG;2008-12-1 0:00:00;2008-12-1 0:00:00;0.00;0.00;2008-12-1 0:00:00;2008-12-1 0:00:00;2008-12-11 0:00:00;2008-12-11 0:00:00;;0;0;999
42414;6215254;LA;0;895106;Product 895106;400.00;KG;2008-12-1 0:00:00;2008-12-1 0:00:00;0.00;0.00;2008-12-1 0:00:00;2008-12-1 0:00:00;2008-12-11 0:00:00;2008-12-11 0:00:00;;0;0;999
42415;6215256;LA;0;895110;Product 895110;6000.00;KG;2008-12-1 0:00:00;2008-12-1 0:00:00;0.00;0.00;2008-12-1 0:00:00;2008-12-1 0:00:00;2008-12-11 0:00:00;2008-12-11 0:00:00;;0;0;999
42416;6215504;LA;0;895118;Product 895118;2400.00;KG;2008-12-1 0:00:00;2008-12-1 0:00:00;0.00;0.00;2008-12-1 0:00:00;2008-12-1 0:00:00;2008-12-11 0:00:00;2008-12-11 0:00:00;;0;0;999
42417;6215257;LA;0;895139;Product 895139;2400.00;KG;2008-12-1 0:00:00;2008-12-1 0:00:00;0.00;0.00;2008-12-1 0:00:00;2008-12-1 0:00:00;2008-12-11 0:00:00;2008-12-11 0:00:00;;0;0;999
42418;6215258;LA;0;895140;Product 895140;1200.00;KG;2008-12-1 0:00:00;2008-12-1 0:00:00;0.00;0.00;2008-12-1 0:00:00;2008-12-1 0:00:00;2008-12-11 0:00:00;2008-12-11 0:00:00;;0;0;999
42419;6215244;LA;0;80006709;Product 80006709;100.00;KG;2008-12-1 0:00:00;2008-12-1 0:00:00;0.00;0.00;2008-12-1 0:00:00;2008-12-1 0:00:00;2008-12-11 0:00:00;2008-12-11 0:00:00;;0;0;999
42420;6215245;LA;0;80006712;Product 80006712;200.00;KG;2008-12-1 0:00:00;2008-12-1 0:00:00;0.00;0.00;2008-12-1 0:00:00;2008-12-1 0:00:00;2008-12-11 0:00:00;2008-12-11 0:00:00;;0;0;999
42421;6215260;LA;0;80006753;Product 80006753;2400.00;KG;2008-12-1 0:00:00;2008-12-1 0:00:00;0.00;0.00;2008-12-1 0:00:00;2008-12-1 0:00:00;2008-12-11 0:00:00;2008-12-11 0:00:00;;0;0;999
42422;6215261;LA;0;80006790;Product 80006790;2400.00;KG;2008-12-1 0:00:00;2008-12-1 0:00:00;0.00;0.00;2008-12-1 0:00:00;2008-12-1 0:00:00;2008-12-11 0:00:00;2008-12-11 0:00:00;;0;0;999
42423;6215246;LA;0;80006811;Product 80006811;100.00;KG;2008-12-1 0:00:00;2008-12-1 0:00:00;0.00;0.00;2008-12-1 0:00:00;2008-12-1 0:00:00;2008-12-11 0:00:00;2008-12-11 0:00:00;;0;0;999
42424;6215247;LA;0;80006843;Product 80006843;2400.00;KG;2008-12-1 0:00:00;2008-12-1 0:00:00;0.00;0.00;2008-12-1 0:00:00;2008-12-1 0:00:00;2008-12-11 0:00:00;2008-12-11 0:00:00;;0;0;999
42425;6215220;LA;0;80006871;Product 80006871;1000.00;KG;2008-12-1 0:00:00;2008-12-1 0:00:00;0.00;0.00;2008-12-1 0:00:00;2008-12-1 0:00:00;2008-12-11 0:00:00;2008-12-11 0:00:00;;0;0;999
42426;6246336;LA;0;80006864;Product 80006864;1000.00;KG;2008-12-1 0:00:00;2008-12-1 0:00:00;0.00;0.00;2008-12-1 0:00:00;2008-12-1 0:00:00;2008-12-11 0:00:00;2008-12-11 0:00:00;;0;0;999
42427;100178510;PI01;1;855714;Product 855714;1600.00;KG;2008-12-2 0:00:00;2008-12-2 0:00:00;1600.00;1600.00;2008-12-2 0:00:00;2008-12-2 0:00:00;2008-12-11 0:00:00;2008-12-11 0:00:00;OTP  KPTV ISP  POT  KRKN OPGN OSN  POKR*;1;0;999
42428;100178511;PI01;1;80006864;Product 80006864;2000.00;KG;2008-12-3 0:00:00;2008-12-3 0:00:00;1970.00;1970.00;2008-12-3 0:00:00;2008-12-3 0:00:00;2008-12-9 0:00:00;2008-12-9 0:00:00;OTP  NMAT KPTV ISP  POT  KRKN OPGN OSN *;1;0;999
42429;100178534;PI01;1;895106;Product 895106;400.00;KG;2008-12-5 0:00:00;2008-12-5 0:00:00;398.00;398.00;2008-12-5 0:00:00;2008-12-5 0:00:00;2008-12-10 0:00:00;2008-12-10 0:00:00;OTP  KPTV ISP  POT  KRKN OPGN OSN  POKR*;1;0;999
42430;100178538;PI01;1;855786;Product 855786;4800.00;KG;2008-12-5 0:00:00;2008-12-5 0:00:00;4770.00;4770.00;2008-12-5 0:00:00;2008-12-5 0:00:00;2008-12-10 0:00:00;2008-12-10 0:00:00;OTP  KPTV ISP  POT  KRKN OPGN OSN  POKR*;1;0;999
42431;100178539;PI01;1;895085;Product 895085;2400.00;KG;2008-12-5 0:00:00;2008-12-5 0:00:00;2365.00;2365.00;2008-12-5 0:00:00;2008-12-5 0:00:00;2008-12-10 0:00:00;2008-12-10 0:00:00;OTP  KPTV ISP  POT  KRKN OPGN OSN  POKR*;1;0;999
42432;100178540;PI01;1;895025;Product 895025;300.00;KG;2008-12-5 0:00:00;2008-12-5 0:00:00;298.00;298.00;2008-12-5 0:00:00;2008-12-5 0:00:00;2008-12-11 0:00:00;2008-12-11 0:00:00;OTP  KPTV ISP  POT  KRKN OPGN OSN  POKR*;1;0;999
42433;100178541;PI01;1;895026;Product 895026;200.00;KG;2008-12-5 0:00:00;2008-12-5 0:00:00;199.00;199.00;2008-12-5 0:00:00;2008-12-5 0:00:00;2008-12-11 0:00:00;2008-12-11 0:00:00;OTP  KPTV ISP  POT  KRKN OPGN OSN  POKR*;1;0;999
42434;100178542;PI01;1;895027;Product 895027;200.00;KG;2008-12-5 0:00:00;2008-12-5 0:00:00;0.00;0.00;2008-12-5 0:00:00;2008-12-5 0:00:00;2008-12-11 0:00:00;2008-12-11 0:00:00;OTP  POT  OPGN OSN  POKR RMNP;0;0;999
42435;100178551;PI01;1;80006830;Product 80006830;150.00;KG;2008-12-5 0:00:00;2008-12-5 0:00:00;149.00;149.00;2008-12-5 0:00:00;2008-12-5 0:00:00;2008-12-11 0:00:00;2008-12-11 0:00:00;OTP  KPTV ISP  POT  KRKN OPGN OSN  POKR*;1;0;999
42436;100178556;PI01;1;895109;Product 895109;2000.00;KG;2008-12-11 0:00:00;2008-12-11 0:00:00;0.00;0.00;2008-12-11 0:00:00;2008-12-11 0:00:00;2008-12-11 0:00:00;2008-12-11 0:00:00;OTP  POT  OPGN OSN  POKR RMNP;0;0;999
42437;100178557;PI01;1;895106;Product 895106;200.00;KG;2008-12-11 0:00:00;2008-12-11 0:00:00;0.00;0.00;2008-12-11 0:00:00;2008-12-11 0:00:00;2008-12-11 0:00:00;2008-12-11 0:00:00;OTP  POT  OPGN OSN  POKR RMNP;0;0;999
42438;100178563;PI01;1;895081;Product 895081;100.00;KG;2008-12-11 0:00:00;2008-12-11 0:00:00;0.00;0.00;2008-12-11 0:00:00;2008-12-11 0:00:00;2008-12-11 0:00:00;2008-12-11 0:00:00;OTP  POT  OPGN OSN  POKR RMNP;0;0;999
42439;100178564;PI01;1;895063;Product 895063;100.00;KG;2008-12-11 0:00:00;2008-12-11 0:00:00;0.00;0.00;2008-12-11 0:00:00;2008-12-11 0:00:00;2008-12-11 0:00:00;2008-12-11 0:00:00;OTP  POT  OPGN OSN  POKR RMNP;0;0;999
42440;100178565;PI01;1;855027;Product 855027;409.00;KG;2008-12-11 0:00:00;2008-12-11 0:00:00;0.00;0.00;2008-12-11 0:00:00;2008-12-11 0:00:00;2008-12-11 0:00:00;2008-12-11 0:00:00;OTP  NMAT POT  OPGN OSN  POKR RMNP;0;0;999
42441;6246590;LA;0;895086;Product 895086;100.00;KG;2008-12-12 0:00:00;2008-12-12 0:00:00;0.00;0.00;2008-12-11 0:00:00;2008-12-11 0:00:00;2008-12-11 0:00:00;2008-12-11 0:00:00;;0;0;999
42442;6246304;LA;0;855095;Product 855095;250.00;KG;2009-1-2 0:00:00;2009-1-2 0:00:00;0.00;0.00;2008-12-11 0:00:00;2008-12-11 0:00:00;2008-12-11 0:00:00;2008-12-11 0:00:00;;0;0;999
42443;6246292;LA;0;855714;Product 855714;800.00;KG;2009-1-2 0:00:00;2009-1-2 0:00:00;0.00;0.00;2008-12-11 0:00:00;2008-12-11 0:00:00;2008-12-11 0:00:00;2008-12-11 0:00:00;;0;0;999
42444;6246305;LA;0;855786;Product 855786;8400.00;KG;2009-1-2 0:00:00;2009-1-2 0:00:00;0.00;0.00;2008-12-11 0:00:00;2008-12-11 0:00:00;2008-12-11 0:00:00;2008-12-11 0:00:00;;0;0;999
42445;6246306;LA;0;855788;Product 855788;10800.00;KG;2009-1-2 0:00:00;2009-1-2 0:00:00;0.00;0.00;2008-12-11 0:00:00;2008-12-11 0:00:00;2008-12-11 0:00:00;2008-12-11 0:00:00;;0;0;999
42446;6246307;LA;0;855797;Product 855797;12000.00;KG;2009-1-2 0:00:00;2009-1-2 0:00:00;0.00;0.00;2008-12-11 0:00:00;2008-12-11 0:00:00;2008-12-11 0:00:00;2008-12-11 0:00:00;;0;0;999
42447;6246258;LA;0;895026;Product 895026;300.00;KG;2009-1-2 0:00:00;2009-1-2 0:00:00;0.00;0.00;2008-12-11 0:00:00;2008-12-11 0:00:00;2008-12-11 0:00:00;2008-12-11 0:00:00;;0;0;999
42448;6246260;LA;0;895025;Product 895025;200.00;KG;2009-1-2 0:00:00;2009-1-2 0:00:00;0.00;0.00;2008-12-11 0:00:00;2008-12-11 0:00:00;2008-12-11 0:00:00;2008-12-11 0:00:00;;0;0;999
42449;6246257;LA;0;895027;Product 895027;500.00;KG;2009-1-2 0:00:00;2009-1-2 0:00:00;0.00;0.00;2008-12-11 0:00:00;2008-12-11 0:00:00;2008-12-11 0:00:00;2008-12-11 0:00:00;;0;0;999
42450;6246259;LA;0;895080;Product 895080;200.00;KG;2009-1-2 0:00:00;2009-1-2 0:00:00;0.00;0.00;2008-12-11 0:00:00;2008-12-11 0:00:00;2008-12-11 0:00:00;2008-12-11 0:00:00;;0;0;999
42451;6246261;LA;0;895081;Product 895081;200.00;KG;2009-1-2 0:00:00;2009-1-2 0:00:00;0.00;0.00;2008-12-11 0:00:00;2008-12-11 0:00:00;2008-12-11 0:00:00;2008-12-11 0:00:00;;0;0;999
42452;6246262;LA;0;895048;Product 895048;200.00;KG;2009-1-2 0:00:00;2009-1-2 0:00:00;0.00;0.00;2008-12-11 0:00:00;2008-12-11 0:00:00;2008-12-11 0:00:00;2008-12-11 0:00:00;;0;0;999
42453;6246308;LA;0;895085;Product 895085;4800.00;KG;2009-1-2 0:00:00;2009-1-2 0:00:00;0.00;0.00;2008-12-11 0:00:00;2008-12-11 0:00:00;2008-12-11 0:00:00;2008-12-11 0:00:00;;0;0;999
42454;6246591;LA;0;895086;Product 895086;100.00;KG;2009-1-2 0:00:00;2009-1-2 0:00:00;0.00;0.00;2008-12-11 0:00:00;2008-12-11 0:00:00;2008-12-11 0:00:00;2008-12-11 0:00:00;;0;0;999
42455;6246293;LA;0;895087;Product 895087;100.00;KG;2009-1-2 0:00:00;2009-1-2 0:00:00;0.00;0.00;2008-12-11 0:00:00;2008-12-11 0:00:00;2008-12-11 0:00:00;2008-12-11 0:00:00;;0;0;999
42456;6246294;LA;0;895091;Product 895091;100.00;KG;2009-1-2 0:00:00;2009-1-2 0:00:00;0.00;0.00;2008-12-11 0:00:00;2008-12-11 0:00:00;2008-12-11 0:00:00;2008-12-11 0:00:00;;0;0;999
42457;6246309;LA;0;895104;Product 895104;4800.00;KG;2009-1-2 0:00:00;2009-1-2 0:00:00;0.00;0.00;2008-12-11 0:00:00;2008-12-11 0:00:00;2008-12-11 0:00:00;2008-12-11 0:00:00;;0;0;999
42458;6246295;LA;0;895116;Product 895116;2400.00;KG;2009-1-2 0:00:00;2009-1-2 0:00:00;0.00;0.00;2008-12-11 0:00:00;2008-12-11 0:00:00;2008-12-11 0:00:00;2008-12-11 0:00:00;;0;0;999
42459;6246310;LA;0;895106;Product 895106;1200.00;KG;2009-1-2 0:00:00;2009-1-2 0:00:00;0.00;0.00;2008-12-11 0:00:00;2008-12-11 0:00:00;2008-12-11 0:00:00;2008-12-11 0:00:00;;0;0;999
42460;6246311;LA;0;895109;Product 895109;1000.00;KG;2009-1-2 0:00:00;2009-1-2 0:00:00;0.00;0.00;2008-12-11 0:00:00;2008-12-11 0:00:00;2008-12-11 0:00:00;2008-12-11 0:00:00;;0;0;999
42461;6246296;LA;0;895117;Product 895117;1200.00;KG;2009-1-2 0:00:00;2009-1-2 0:00:00;0.00;0.00;2008-12-11 0:00:00;2008-12-11 0:00:00;2008-12-11 0:00:00;2008-12-11 0:00:00;;0;0;999
42462;6246297;LA;0;895118;Product 895118;1200.00;KG;2009-1-2 0:00:00;2009-1-2 0:00:00;0.00;0.00;2008-12-11 0:00:00;2008-12-11 0:00:00;2008-12-11 0:00:00;2008-12-11 0:00:00;;0;0;999
42463;6246244;LA;0;895139;Product 895139;2400.00;KG;2009-1-2 0:00:00;2009-1-2 0:00:00;0.00;0.00;2008-12-11 0:00:00;2008-12-11 0:00:00;2008-12-11 0:00:00;2008-12-11 0:00:00;;0;0;999
42464;6246420;LA;0;895148;Product 895148;100.00;KG;2009-1-2 0:00:00;2009-1-2 0:00:00;0.00;0.00;2008-12-11 0:00:00;2008-12-11 0:00:00;2008-12-11 0:00:00;2008-12-11 0:00:00;;0;0;999
42465;6246298;LA;0;895164;Product 895164;100.00;KG;2009-1-2 0:00:00;2009-1-2 0:00:00;0.00;0.00;2008-12-11 0:00:00;2008-12-11 0:00:00;2008-12-11 0:00:00;2008-12-11 0:00:00;;0;0;999
42466;6246414;LA;0;895163;Product 895163;100.00;KG;2009-1-2 0:00:00;2009-1-2 0:00:00;0.00;0.00;2008-12-11 0:00:00;2008-12-11 0:00:00;2008-12-11 0:00:00;2008-12-11 0:00:00;;0;0;999
42467;6246249;LA;0;80006710;Product 80006710;100.00;KG;2009-1-2 0:00:00;2009-1-2 0:00:00;0.00;0.00;2008-12-11 0:00:00;2008-12-11 0:00:00;2008-12-11 0:00:00;2008-12-11 0:00:00;;0;0;999
42468;6246416;LA;0;80006741;Product 80006741;20430.00;KOM;2009-1-2 0:00:00;2009-1-2 0:00:00;0.00;0.00;2008-12-11 0:00:00;2008-12-11 0:00:00;2008-12-11 0:00:00;2008-12-11 0:00:00;;0;0;999
42469;6246417;LA;0;80006743;Product 80006743;19800.00;KOM;2009-1-2 0:00:00;2009-1-2 0:00:00;0.00;0.00;2008-12-11 0:00:00;2008-12-11 0:00:00;2008-12-11 0:00:00;2008-12-11 0:00:00;;0;0;999
42470;6246418;LA;0;80006742;Product 80006742;20640.00;KOM;2009-1-2 0:00:00;2009-1-2 0:00:00;0.00;0.00;2008-12-11 0:00:00;2008-12-11 0:00:00;2008-12-11 0:00:00;2008-12-11 0:00:00;;0;0;999
42471;6246415;LA;0;80006760;Product 80006760;19960.00;KOM;2009-1-2 0:00:00;2009-1-2 0:00:00;0.00;0.00;2008-12-11 0:00:00;2008-12-11 0:00:00;2008-12-11 0:00:00;2008-12-11 0:00:00;;0;0;999
42472;6246312;LA;0;80006810;Product 80006810;200.00;KG;2009-1-2 0:00:00;2009-1-2 0:00:00;0.00;0.00;2008-12-11 0:00:00;2008-12-11 0:00:00;2008-12-11 0:00:00;2008-12-11 0:00:00;;0;0;999
42473;6246251;LA;0;80006869;Product 80006869;500.00;KG;2009-1-2 0:00:00;2009-1-2 0:00:00;0.00;0.00;2008-12-11 0:00:00;2008-12-11 0:00:00;2008-12-11 0:00:00;2008-12-11 0:00:00;;0;0;999
42474;6246337;LA;0;80006864;Product 80006864;2000.00;KG;2009-1-2 0:00:00;2009-1-2 0:00:00;0.00;0.00;2008-12-11 0:00:00;2008-12-11 0:00:00;2008-12-11 0:00:00;2008-12-11 0:00:00;;0;0;999
42475;6246592;LA;0;895086;Product 895086;100.00;KG;2009-1-30 0:00:00;2009-1-30 0:00:00;0.00;0.00;2008-12-11 0:00:00;2008-12-11 0:00:00;2008-12-11 0:00:00;2008-12-11 0:00:00;;0;0;999
42476;6246561;LA;0;895106;Product 895106;200.00;KG;2009-1-30 0:00:00;2009-1-30 0:00:00;0.00;0.00;2008-12-11 0:00:00;2008-12-11 0:00:00;2008-12-11 0:00:00;2008-12-11 0:00:00;;0;0;999
42477;6246535;LA;0;895116;Product 895116;2619.00;KG;2009-1-30 0:00:00;2009-1-30 0:00:00;0.00;0.00;2008-12-11 0:00:00;2008-12-11 0:00:00;2008-12-11 0:00:00;2008-12-11 0:00:00;;0;0;999
42478;6246563;LA;0;80006791;Product 80006791;2400.00;KG;2009-1-30 0:00:00;2009-1-30 0:00:00;0.00;0.00;2008-12-11 0:00:00;2008-12-11 0:00:00;2008-12-11 0:00:00;2008-12-11 0:00:00;;0;0;999
42479;6246531;LA;0;80006860;Product 80006860;100.00;KG;2009-1-30 0:00:00;2009-1-30 0:00:00;0.00;0.00;2008-12-11 0:00:00;2008-12-11 0:00:00;2008-12-11 0:00:00;2008-12-11 0:00:00;;0;0;999
42480;6246528;LA;0;80006863;Product 80006863;100.00;KG;2009-1-30 0:00:00;2009-1-30 0:00:00;0.00;0.00;2008-12-11 0:00:00;2008-12-11 0:00:00;2008-12-11 0:00:00;2008-12-11 0:00:00;;0;0;999
42481;6246529;LA;0;80006862;Product 80006862;100.00;KG;2009-1-30 0:00:00;2009-1-30 0:00:00;0.00;0.00;2008-12-11 0:00:00;2008-12-11 0:00:00;2008-12-11 0:00:00;2008-12-11 0:00:00;;0;0;999
42482;6246564;LA;0;80006861;Product 80006861;100.00;KG;2009-1-30 0:00:00;2009-1-30 0:00:00;0.00;0.00;2008-12-11 0:00:00;2008-12-11 0:00:00;2008-12-11 0:00:00;2008-12-11 0:00:00;;0;0;999
42483;6246541;LA;0;80006868;Product 80006868;2000.00;KG;2009-1-30 0:00:00;2009-1-30 0:00:00;0.00;0.00;2008-12-11 0:00:00;2008-12-11 0:00:00;2008-12-11 0:00:00;2008-12-11 0:00:00;;0;0;999
42484;6246554;LA;0;855094;Product 855094;1000.00;KG;2009-2-2 0:00:00;2009-2-2 0:00:00;0.00;0.00;2008-12-11 0:00:00;2008-12-11 0:00:00;2008-12-11 0:00:00;2008-12-11 0:00:00;;0;0;999
42485;6246542;LA;0;855150;Product 855150;700.00;KG;2009-2-2 0:00:00;2009-2-2 0:00:00;0.00;0.00;2008-12-11 0:00:00;2008-12-11 0:00:00;2008-12-11 0:00:00;2008-12-11 0:00:00;;0;0;999
42486;6246543;LA;0;855457;Product 855457;500.00;KG;2009-2-2 0:00:00;2009-2-2 0:00:00;0.00;0.00;2008-12-11 0:00:00;2008-12-11 0:00:00;2008-12-11 0:00:00;2008-12-11 0:00:00;;0;0;999
42487;6246544;LA;0;855714;Product 855714;800.00;KG;2009-2-2 0:00:00;2009-2-2 0:00:00;0.00;0.00;2008-12-11 0:00:00;2008-12-11 0:00:00;2008-12-11 0:00:00;2008-12-11 0:00:00;;0;0;999
42488;6246555;LA;0;855786;Product 855786;13200.00;KG;2009-2-2 0:00:00;2009-2-2 0:00:00;0.00;0.00;2008-12-11 0:00:00;2008-12-11 0:00:00;2008-12-11 0:00:00;2008-12-11 0:00:00;;0;0;999
42489;6246557;LA;0;855788;Product 855788;14400.00;KG;2009-2-2 0:00:00;2009-2-2 0:00:00;0.00;0.00;2008-12-11 0:00:00;2008-12-11 0:00:00;2008-12-11 0:00:00;2008-12-11 0:00:00;;0;0;999
42490;6246558;LA;0;855792;Product 855792;1200.00;KG;2009-2-2 0:00:00;2009-2-2 0:00:00;0.00;0.00;2008-12-11 0:00:00;2008-12-11 0:00:00;2008-12-11 0:00:00;2008-12-11 0:00:00;;0;0;999
42491;6246560;LA;0;895085;Product 895085;6000.00;KG;2009-2-2 0:00:00;2009-2-2 0:00:00;0.00;0.00;2008-12-11 0:00:00;2008-12-11 0:00:00;2008-12-11 0:00:00;2008-12-11 0:00:00;;0;0;999
42492;6246562;LA;0;80006753;Product 80006753;2400.00;KG;2009-2-2 0:00:00;2009-2-2 0:00:00;0.00;0.00;2008-12-11 0:00:00;2008-12-11 0:00:00;2008-12-11 0:00:00;2008-12-11 0:00:00;;0;0;999
42493;6246553;LA;0;80006872;Product 80006872;1000.00;KG;2009-2-2 0:00:00;2009-2-2 0:00:00;0.00;0.00;2008-12-11 0:00:00;2008-12-11 0:00:00;2008-12-11 0:00:00;2008-12-11 0:00:00;;0;0;999
